Name,Age,#days,Lev,Tm,G,GS,W,L,SV,IP,H,R,ER,BB,SO,HR,HBP,ERA,AB,2B,3B,IBB,GDP,SF,SB,CS,PO,BF,Pit,Str,StL,StS,GB/FB,LD,PU,WHIP,BAbip,SO9,SO/W
Cory Abbott,25,2,MLB-NL,Chicago,1,0,,,,2.0,1,0,0,1,1,0,0,0.0,7,0,0,0,0,0,0,0,0,8,42,0.55,0.21,0.07,0.5,0.17,0.17,1.0,0.167,4.5,1.0
Albert Abreu,25,9,MLB-AL,New York,4,0,,,,8.2,2,2,2,4,10,1,0,2.08,26,0,0,0,0,2,2,0,0,32,127,0.61,0.2,0.14,0.5,0.11,0.06,0.692,0.059,10.4,2.5
Bryan Abreu,24,12,MLB-AL,Houston,21,0,2.0,3.0,1.0,25.2,21,15,12,13,23,3,2,4.21,91,4,0,0,0,2,0,0,1,108,454,0.59,0.13,0.13,0.51,0.14,0.09,1.325,0.269,8.1,1.77
Jason Adam,29,29,MLB-NL,Chicago,9,0,,,,7.2,9,7,7,6,13,1,3,8.22,31,4,0,0,0,0,0,1,0,40,174,0.53,0.13,0.13,0.33,0.33,0.17,1.957,0.471,15.3,2.17
Austin Adams,30,1,MLB-NL,San Diego,25,0,2.0,,,21.0,11,8,5,10,33,0,10,2.14,69,3,1,0,0,1,2,1,0,92,361,0.62,0.2,0.16,0.41,0.18,0.08,1.0,0.297,14.1,3.3
Keegan Akin,26,3,MLB-AL,Baltimore,6,2,,,,20.0,20,8,8,4,18,2,0,3.6,78,1,0,0,0,1,0,0,0,83,363,0.69,0.16,0.12,0.39,0.21,0.05,1.2,0.305,8.1,4.5
Hanser Alberto,28,48,MLB-AL,Kansas City,1,0,,,,0.1,0,0,0,0,0,0,0,0.0,1,0,0,0,0,0,0,0,0,1,2,0.5,0.0,0.0,0.0,0.0,0.0,0.0,0.0,0.0,
Jorge Alcala,25,1,MLB-AL,Minnesota,23,0,1.0,1.0,,22.1,11,9,9,6,19,5,1,3.63,71,0,0,0,0,1,2,0,0,79,304,0.67,0.13,0.15,0.43,0.11,0.08,0.761,0.125,7.7,3.17
Sandy Alcantara,25,1,MLB-NL,Miami,13,13,3.0,5.0,,79.0,62,32,29,22,74,8,3,3.3,288,14,1,2,0,2,4,0,0,317,1182,0.68,0.16,0.13,0.54,0.2,0.05,1.063,0.26,8.4,3.36
Scott Alexander,31,37,MLB-NL,Los Angeles,13,0,,2.0,,11.2,7,4,3,1,5,1,1,2.31,43,1,0,0,0,0,3,0,0,45,174,0.65,0.18,0.09,0.63,0.16,0.13,0.686,0.162,3.9,5.0
Tyler Alexander,26,3,MLB-AL,Detroit,16,1,,,,23.2,27,13,12,5,24,6,0,4.56,98,3,0,0,0,1,1,0,0,104,350,0.7,0.16,0.11,0.43,0.19,0.05,1.352,0.304,9.1,4.8
Kolby Allard,23,2,MLB-AL,Texas,12,2,1.0,2.0,,29.0,24,11,11,8,33,4,0,3.41,111,5,1,0,0,0,1,0,0,119,503,0.65,0.16,0.11,0.38,0.26,0.05,1.103,0.27,10.2,4.13
Logan Allen,24,40,MLB-AL,Cleveland,5,5,1.0,4.0,,15.2,20,18,16,7,12,7,2,9.19,66,1,0,0,0,0,0,1,0,75,325,0.58,0.17,0.08,0.48,0.22,0.02,1.723,0.277,6.9,1.71
Yency Almonte,27,3,MLB-NL,Colorado,20,0,1.0,1.0,,16.1,21,24,24,14,13,6,2,13.22,66,3,0,0,0,1,1,0,0,83,324,0.56,0.14,0.1,0.54,0.17,0.02,2.143,0.313,7.2,0.93
Dan Altavilla,28,52,MLB-NL,San Diego,2,0,,,,1.1,1,1,1,0,2,1,0,6.75,5,0,0,0,0,0,0,0,0,5,22,0.82,0.27,0.05,0.0,0.0,0.33,0.75,0.0,13.5,
Jose Alvarado,26,2,MLB-NL,Philadelphia,23,0,4.0,,2.0,19.2,14,8,8,18,27,2,4,3.66,70,1,0,2,1,0,2,1,2,92,382,0.58,0.2,0.13,0.49,0.26,0.0,1.627,0.293,12.4,1.5
Jose Alvarez,32,6,MLB-NL,San Francisco,18,0,1.0,1.0,,17.2,22,14,9,9,15,2,0,4.58,76,1,1,0,0,0,2,0,0,86,329,0.63,0.15,0.11,0.42,0.24,0.11,1.755,0.339,7.6,1.67
Adbert Alzolay,26,5,MLB-NL,Chicago,10,10,4.0,4.0,,54.2,39,22,22,11,58,9,3,3.62,198,8,1,0,0,0,2,0,0,213,830,0.66,0.18,0.13,0.46,0.21,0.06,0.915,0.229,9.5,5.27
Brett Anderson,33,4,MLB-NL,Milwaukee,9,9,2.0,3.0,,36.2,44,20,18,12,21,7,2,4.42,150,13,0,0,0,1,1,1,1,166,637,0.58,0.18,0.05,0.54,0.24,0.02,1.527,0.301,5.2,1.75
Chase Anderson,33,7,MLB-NL,Philadelphia,11,8,2.0,4.0,,38.0,44,31,31,17,29,7,3,7.34,154,12,2,1,0,1,1,0,0,176,709,0.62,0.17,0.1,0.36,0.27,0.09,1.605,0.311,6.9,1.71
Ian Anderson,23,3,MLB-NL,Atlanta,11,11,4.0,3.0,,59.1,48,24,24,25,65,6,1,3.64,219,8,0,0,0,0,1,0,0,249,1032,0.62,0.16,0.12,0.56,0.23,0.05,1.23,0.284,9.9,2.6
Shaun Anderson,26,3,MLB-AL,Minnesota,4,0,,,,8.2,13,12,9,5,8,1,1,9.35,41,3,0,0,0,0,0,0,0,47,166,0.64,0.17,0.11,0.39,0.21,0.15,2.077,0.375,8.3,1.6
Tyler Anderson,31,4,MLB-NL,Pittsburgh,11,11,3.0,5.0,,61.2,57,34,32,17,59,10,0,4.67,230,13,0,0,0,4,4,1,1,256,983,0.68,0.15,0.12,0.42,0.22,0.07,1.2,0.285,8.6,3.47
Matt Andriese,31,7,MLB-AL,Boston,18,0,2.0,2.0,1.0,24.2,35,16,14,8,23,4,2,5.11,105,4,2,0,0,1,3,0,0,117,452,0.64,0.15,0.1,0.44,0.24,0.06,1.743,0.392,8.4,2.88
Tejay Antone,27,1,MLB-NL,Cincinnati,20,0,1.0,,3.0,32.0,12,5,5,11,40,2,3,1.41,102,1,0,0,1,0,3,0,0,116,487,0.66,0.25,0.13,0.52,0.19,0.1,0.719,0.167,11.3,3.64
Chris Archer,32,58,MLB-AL,Tampa Bay,2,1,,1.0,,4.1,7,4,3,1,6,0,0,6.23,20,2,0,0,0,0,0,0,0,21,94,0.65,0.12,0.13,0.29,0.43,0.07,1.846,0.5,12.5,6.0
Kohei Arihara,28,30,MLB-AL,Texas,7,7,2.0,3.0,,28.2,32,22,21,12,17,7,2,6.59,112,10,2,0,0,1,0,0,0,127,507,0.6,0.18,0.06,0.42,0.26,0.01,1.535,0.281,5.3,1.42
Shawn Armstrong,30,5,MLB-AL,Baltimore,20,0,,,,20.0,28,20,19,10,22,5,1,8.55,88,6,1,0,0,1,1,0,0,100,400,0.62,0.13,0.13,0.31,0.33,0.15,1.9,0.371,9.9,2.2
Jake Arrieta,35,3,MLB-NL,Chicago,11,11,5.0,6.0,,53.0,57,35,31,22,42,11,3,5.26,209,11,1,1,0,3,2,0,1,237,911,0.61,0.19,0.08,0.4,0.27,0.04,1.491,0.289,7.1,1.91
Willians Astudillo,29,3,MLB-AL,Minnesota,3,0,,,,3.0,1,1,1,1,0,1,0,3.0,10,0,0,0,0,0,0,0,0,11,31,0.58,0.23,0.03,0.5,0.2,0.2,0.667,0.0,0.0,0.0
Luis Avilan,31,53,MLB-NL,Washington,4,0,,1.0,,5.0,7,7,7,3,4,1,1,12.6,21,0,0,0,0,2,0,0,0,27,108,0.5,0.12,0.07,0.32,0.42,0.11,2.0,0.333,7.2,1.33
Caleb Baragar,27,10,MLB-NL,San Francisco,21,0,2.0,1.0,,17.1,13,3,1,11,14,0,1,0.52,61,2,1,2,0,1,0,1,0,74,281,0.61,0.14,0.11,0.19,0.27,0.19,1.385,0.271,7.3,1.27
Daniel Bard,36,1,MLB-NL,Colorado,22,0,3.0,3.0,7.0,24.0,26,13,10,10,34,2,1,3.75,96,9,2,0,0,0,3,1,0,108,440,0.66,0.18,0.14,0.48,0.3,0.06,1.5,0.4,12.8,3.4
Scott Barlow,28,1,MLB-AL,Kansas City,27,0,2.0,1.0,2.0,30.0,21,6,6,13,44,0,2,1.8,110,8,0,0,0,0,4,0,0,125,508,0.64,0.18,0.15,0.47,0.26,0.05,1.133,0.318,13.2,3.38
Jacob Barnes,31,3,MLB-NL,New York,17,0,1.0,1.0,2.0,17.1,14,10,10,5,16,4,0,5.19,64,2,0,0,0,0,1,1,0,70,300,0.63,0.15,0.11,0.53,0.08,0.04,1.096,0.227,8.3,3.2
Matt Barnes,31,1,MLB-AL,Boston,26,0,2.0,1.0,14.0,26.1,12,8,8,7,47,2,0,2.73,88,2,0,1,2,0,3,0,0,95,396,0.7,0.2,0.18,0.46,0.15,0.1,0.722,0.256,16.1,6.71
Jaime Barria,24,20,MLB-AL,Los Angeles,2,0,,,,6.0,7,7,7,5,1,0,0,10.5,23,3,0,0,0,0,0,0,0,28,115,0.58,0.11,0.1,0.32,0.41,0.0,2.0,0.318,1.5,0.2
Anthony Bass,33,2,MLB-NL,Miami,25,0,1.0,3.0,,21.1,17,13,10,10,18,2,3,4.22,74,3,1,2,0,3,0,2,0,91,333,0.62,0.2,0.11,0.43,0.27,0.05,1.266,0.263,7.6,1.8
Chris Bassitt,32,6,MLB-AL,Oakland,12,12,5.0,2.0,,74.0,60,29,29,17,80,6,7,3.53,275,17,1,0,0,3,5,1,0,302,1110,0.66,0.17,0.11,0.43,0.24,0.07,1.041,0.281,9.7,4.71
Trevor Bauer,30,1,MLB-NL,Los Angeles,13,13,6.0,4.0,,82.1,46,25,22,27,103,13,3,2.4,290,8,1,0,0,0,6,3,0,322,1355,0.63,0.17,0.12,0.34,0.18,0.09,0.887,0.19,11.3,3.81
Eduard Bazardo,25,26,MLB-AL,Boston,2,0,,,,3.0,1,0,0,2,3,0,0,0.0,10,1,0,0,0,0,0,0,0,12,52,0.65,0.19,0.12,0.29,0.0,0.29,1.0,0.143,9.0,1.5
Jeremy Beasley,25,3,MLB-AL,Toronto,5,0,,1.0,,6.2,5,6,5,5,10,2,1,6.75,26,1,0,2,0,0,3,0,0,32,128,0.62,0.1,0.2,0.13,0.25,0.13,1.5,0.214,13.5,2.0
David Bednar,26,2,MLB-NL,Pittsburgh,24,0,,,,21.2,17,7,7,7,29,3,0,2.91,80,3,1,0,0,1,3,0,0,88,359,0.67,0.15,0.17,0.38,0.27,0.08,1.108,0.286,12.0,4.14
Cam Bedrosian,29,8,"MLB-NL,MLB-AL","Cincinnati,Oakland",9,0,,,,10.0,13,7,7,8,10,2,0,6.3,40,1,0,0,0,2,0,0,0,50,188,0.61,0.18,0.11,0.34,0.31,0.09,2.1,0.367,9.0,1.25
Anthony Bemboom,31,44,MLB-AL,Los Angeles,1,0,,,,1.0,3,2,2,0,0,1,0,18.0,7,2,0,0,0,0,0,0,0,7,21,0.67,0.19,0.0,0.29,0.43,0.0,3.0,0.333,0.0,
Anthony Bender,26,2,MLB-NL,Miami,13,0,,,,12.1,6,2,0,3,14,0,1,0.0,43,0,0,0,0,1,0,0,0,48,189,0.7,0.27,0.11,0.43,0.2,0.1,0.73,0.2,10.2,4.67
Wes Benjamin,27,4,MLB-AL,Texas,6,1,,2.0,,12.1,17,12,12,10,11,1,0,8.76,50,2,0,0,0,1,0,0,1,61,261,0.62,0.15,0.1,0.35,0.28,0.05,2.189,0.41,8.0,1.1
Travis Bergen,27,15,MLB-AL,Toronto,10,1,2.0,,,10.2,5,2,2,8,6,1,2,1.69,36,1,0,0,0,0,0,0,0,46,188,0.59,0.14,0.09,0.33,0.13,0.17,1.219,0.138,5.1,0.75
Jose Berrios,27,2,MLB-AL,Minnesota,12,12,6.0,2.0,,70.1,59,30,28,19,73,8,4,3.58,259,17,2,0,0,0,0,3,4,284,1124,0.64,0.18,0.11,0.45,0.29,0.05,1.109,0.287,9.3,3.84
Dellin Betances,33,61,MLB-NL,New York,1,0,,,,1.0,0,1,1,1,1,0,1,9.0,3,0,0,0,0,0,3,0,0,5,21,0.43,0.14,0.05,1.0,0.0,0.0,1.0,0.0,9.0,1.0
Alec Bettinger,25,15,MLB-NL,Milwaukee,3,1,,1.0,,9.0,16,14,14,3,5,3,1,14.0,41,3,0,0,0,0,0,0,0,46,179,0.63,0.16,0.04,0.38,0.27,0.11,2.111,0.394,5.0,1.67
Phil Bickford,25,2,MLB-NL,"Los Angeles,Milwaukee",8,0,,,,7.0,6,3,2,2,9,1,2,2.57,25,1,0,1,0,1,0,0,0,30,134,0.63,0.12,0.12,0.59,0.18,0.0,1.143,0.313,11.6,4.5
Jesse Biddle,29,22,MLB-NL,Atlanta,8,0,,,,10.2,10,10,10,8,11,1,2,8.44,38,1,0,0,0,2,2,0,0,51,186,0.56,0.18,0.08,0.6,0.17,0.03,1.688,0.321,9.3,1.38
Shane Bieber,26,6,MLB-AL,Cleveland,12,12,6.0,3.0,,79.0,65,29,27,29,117,9,3,3.08,296,15,1,0,0,1,3,3,1,329,1270,0.65,0.17,0.17,0.44,0.28,0.06,1.19,0.327,13.3,4.03
Brandon Bielak,25,9,MLB-AL,Houston,13,0,2.0,2.0,,22.2,20,14,10,8,17,1,1,3.97,86,4,0,0,0,2,0,0,1,98,352,0.65,0.17,0.1,0.46,0.28,0.03,1.235,0.271,6.8,2.13
Alex Blandino,28,6,MLB-NL,Cincinnati,4,0,,,,3.2,4,5,4,4,1,1,0,9.82,14,0,0,0,0,0,0,0,0,18,72,0.6,0.15,0.06,0.31,0.08,0.08,2.182,0.25,2.5,0.25
Richard Bleier,34,2,MLB-NL,Miami,25,0,2.0,,,21.2,17,8,8,0,20,4,0,3.32,80,3,0,0,0,2,2,0,0,82,286,0.73,0.13,0.12,0.58,0.23,0.05,0.785,0.224,8.3,
Ronald Bolanos,24,3,MLB-AL,Kansas City,1,0,,,,1.0,2,0,0,0,1,0,0,0.0,5,0,0,0,0,0,0,0,0,5,25,0.72,0.04,0.2,0.75,0.0,0.0,2.0,0.5,9.0,
Ryan Borucki,27,31,MLB-AL,Toronto,13,0,3.0,1.0,,13.1,7,7,6,5,14,1,0,4.05,44,2,0,0,0,1,0,0,0,51,200,0.64,0.22,0.13,0.69,0.03,0.03,0.9,0.2,9.5,2.8
Ben Bowden,26,2,MLB-NL,Colorado,16,0,1.0,2.0,,13.0,19,11,9,6,13,2,0,6.23,58,4,0,0,0,0,0,0,0,65,232,0.62,0.18,0.1,0.26,0.35,0.11,1.923,0.395,9.0,2.17
Brad Boxberger,33,1,MLB-NL,Milwaukee,26,0,2.0,1.0,2.0,23.2,15,9,8,5,24,3,3,3.04,83,1,1,1,0,1,2,0,0,95,383,0.64,0.17,0.14,0.39,0.24,0.13,0.845,0.211,9.1,4.8
Matthew Boyd,30,6,MLB-AL,Detroit,11,11,2.0,6.0,,62.1,55,29,27,18,51,6,5,3.9,234,12,1,0,0,3,1,1,1,261,979,0.68,0.18,0.1,0.39,0.2,0.11,1.171,0.272,7.4,2.83
Brad Brach,35,1,MLB-NL,Cincinnati,7,0,,,,6.0,7,4,4,2,9,1,0,6.0,25,2,0,0,0,0,2,0,0,27,110,0.6,0.23,0.07,0.63,0.06,0.0,1.5,0.4,13.5,4.5
Archie Bradley,28,1,MLB-NL,Philadelphia,12,0,1.0,1.0,,9.1,9,7,5,9,7,1,0,4.82,36,2,2,1,0,0,0,0,0,45,182,0.6,0.18,0.06,0.47,0.3,0.07,1.929,0.286,6.8,0.78
Jake Brentz,26,1,MLB-AL,Kansas City,29,0,1.0,,,27.2,13,7,6,17,31,2,0,1.95,93,1,1,1,0,3,0,0,0,115,432,0.61,0.18,0.13,0.51,0.19,0.04,1.084,0.175,10.1,1.82
Colten Brewer,28,7,MLB-AL,Boston,1,0,,,,1.0,4,4,4,3,1,0,0,36.0,6,0,0,0,0,0,1,0,0,9,30,0.4,0.07,0.07,0.8,0.2,0.0,7.0,0.8,9.0,0.33
Austin Brice,29,23,MLB-AL,Boston,12,0,,,,11.2,12,9,9,6,9,2,4,6.94,45,3,0,0,0,0,1,0,1,55,230,0.6,0.16,0.08,0.44,0.19,0.08,1.543,0.294,6.9,1.5
Connor Brogdon,26,2,MLB-NL,Philadelphia,23,0,4.0,1.0,1.0,22.2,21,14,11,8,20,3,1,4.37,84,3,0,1,0,1,3,0,0,95,364,0.63,0.1,0.14,0.48,0.17,0.05,1.279,0.29,7.9,2.5
Rex Brothers,33,4,MLB-NL,Chicago,22,0,1.0,,1.0,18.2,12,7,7,11,32,2,3,3.38,67,1,0,0,0,0,0,0,0,81,350,0.58,0.15,0.14,0.36,0.17,0.14,1.232,0.303,15.4,2.91
JT Brubaker,27,9,MLB-NL,Pittsburgh,10,10,4.0,4.0,,55.1,53,23,23,13,56,10,7,3.74,213,8,0,0,0,0,0,3,0,237,831,0.66,0.16,0.12,0.52,0.23,0.06,1.193,0.293,9.1,4.31
Kris Bubic,23,4,MLB-AL,Kansas City,8,4,1.0,,,34.0,27,9,8,16,28,2,0,2.12,123,6,1,0,0,0,0,1,0,139,538,0.61,0.18,0.09,0.47,0.23,0.06,1.265,0.269,7.4,1.75
Ryan Buchter,34,5,MLB-NL,Arizona,3,0,,,,3.2,3,1,1,2,5,1,0,2.45,14,2,0,1,0,0,0,0,0,16,50,0.62,0.12,0.12,0.11,0.22,0.0,1.364,0.25,12.3,2.5
Walker Buehler,26,5,MLB-NL,Los Angeles,11,11,4.0,,,70.1,54,23,22,13,70,11,1,2.82,254,10,0,1,0,1,3,1,0,272,1051,0.68,0.18,0.12,0.44,0.21,0.06,0.953,0.247,9.0,5.38
J.B. Bukauskas,24,24,MLB-NL,Arizona,11,0,1.0,1.0,,8.2,14,8,8,2,8,1,0,8.31,38,1,1,0,0,1,0,0,0,41,139,0.67,0.14,0.14,0.42,0.32,0.03,1.846,0.433,8.3,4.0
Madison Bumgarner,31,5,MLB-NL,Arizona,12,12,4.0,5.0,,59.2,57,41,38,18,62,10,6,5.73,230,18,1,1,0,2,6,1,0,258,1035,0.66,0.18,0.11,0.33,0.24,0.15,1.257,0.294,9.4,3.44
Aaron Bummer,27,1,MLB-AL,Chicago,24,0,,3.0,1.0,22.2,20,11,8,12,32,2,1,3.18,85,1,0,1,0,1,2,2,1,99,390,0.61,0.19,0.14,0.76,0.11,0.0,1.412,0.346,12.7,2.67
Dylan Bundy,28,7,MLB-AL,Los Angeles,10,10,,6.0,,51.1,53,38,37,15,53,12,2,6.49,201,12,1,0,0,2,5,0,0,222,838,0.68,0.21,0.11,0.41,0.23,0.07,1.325,0.297,9.3,3.53
Zack Burdi,26,49,MLB-AL,Chicago,1,0,,,,3.0,3,2,1,1,3,1,0,3.0,11,0,0,0,0,1,0,0,0,13,49,0.65,0.1,0.29,0.44,0.22,0.11,1.333,0.25,9.0,3.0
Corbin Burnes,26,1,MLB-NL,Milwaukee,10,10,3.0,4.0,,59.1,35,14,13,7,94,2,4,1.97,211,6,1,0,0,1,9,0,0,223,898,0.68,0.18,0.19,0.53,0.17,0.04,0.708,0.284,14.3,13.43
Ryan Burr,27,6,MLB-AL,Chicago,2,0,,,,2.1,0,0,0,0,3,0,0,0.0,7,0,0,0,0,0,0,0,0,7,31,0.68,0.16,0.16,0.5,0.0,0.25,0.0,0.0,11.6,
Matt Bush,35,61,MLB-AL,Texas,3,0,,,,3.0,4,3,3,1,4,3,0,9.0,13,0,0,0,0,0,0,0,0,14,56,0.59,0.16,0.13,0.22,0.22,0.11,1.667,0.167,12.0,4.0
Asdrubal Cabrera,35,37,MLB-NL,Arizona,2,0,,,,1.1,1,0,0,0,0,0,0,0.0,4,0,0,0,0,0,0,0,0,4,17,0.65,0.18,0.0,0.5,0.25,0.0,0.75,0.25,0.0,
Genesis Cabrera,24,2,MLB-NL,St. Louis,27,0,1.0,1.0,,28.0,20,9,7,16,32,1,3,2.25,100,6,0,1,0,1,0,0,0,122,494,0.61,0.16,0.12,0.41,0.23,0.1,1.286,0.279,10.3,2.0
Trevor Cahill,33,19,MLB-NL,Pittsburgh,8,8,1.0,5.0,,35.2,42,29,27,11,29,4,1,6.81,143,6,1,0,0,3,3,0,1,159,628,0.62,0.17,0.09,0.58,0.18,0.05,1.486,0.336,7.3,2.64
Paul Campbell,25,37,MLB-NL,Miami,5,1,,2.0,,11.1,19,14,11,6,13,1,2,8.74,52,2,1,0,0,0,1,0,0,61,246,0.62,0.15,0.1,0.37,0.29,0.1,2.206,0.474,10.3,2.17
Griffin Canning,25,4,MLB-AL,Los Angeles,10,9,4.0,4.0,,43.1,45,29,28,20,50,11,0,5.82,169,9,2,0,0,1,3,1,3,191,769,0.62,0.13,0.15,0.37,0.25,0.09,1.5,0.312,10.4,2.5
Matt Carpenter,35,23,MLB-NL,St. Louis,1,0,,,,1.1,2,0,0,0,0,0,1,0.0,5,0,0,0,0,0,0,0,0,6,26,0.54,0.23,0.0,0.0,0.6,0.2,1.5,0.4,0.0,
Daniel Castano,26,30,MLB-NL,Miami,4,4,,2.0,,17.1,20,10,10,7,10,3,1,5.19,69,6,0,0,0,0,0,0,1,78,285,0.65,0.15,0.07,0.42,0.28,0.03,1.558,0.304,5.2,1.43
Ryan Castellani,25,34,MLB-NL,Colorado,1,1,,,,3.1,5,2,2,4,2,1,1,5.4,12,2,0,0,0,0,0,1,0,17,65,0.51,0.11,0.09,0.4,0.2,0.1,2.7,0.444,5.4,0.5
Humberto Castellanos,23,3,MLB-NL,Arizona,1,0,,,,2.0,0,0,0,0,3,0,0,0.0,6,0,0,0,0,0,0,0,0,6,27,0.7,0.33,0.07,0.33,0.33,0.0,0.0,0.0,13.5,
Diego Castillo,27,2,MLB-AL,Tampa Bay,21,0,2.0,2.0,9.0,21.2,17,8,7,8,31,4,0,2.91,79,3,0,2,0,0,2,0,0,89,355,0.65,0.14,0.17,0.54,0.18,0.06,1.154,0.295,12.9,3.88
Luis Castillo,28,3,MLB-NL,Cincinnati,12,12,2.0,8.0,,58.1,73,51,43,24,53,9,3,6.63,240,14,1,2,0,1,2,0,0,272,1049,0.65,0.15,0.11,0.5,0.25,0.06,1.663,0.358,8.2,2.21
Anthony Castro,26,1,MLB-AL,Toronto,11,0,1.0,1.0,1.0,12.0,7,3,2,5,14,0,2,1.5,42,2,0,2,1,1,1,0,0,50,196,0.65,0.18,0.13,0.59,0.1,0.17,1.0,0.241,10.5,2.8
Harold Castro,27,63,MLB-AL,Detroit,1,0,,,,1.0,0,0,0,1,0,0,0,0.0,3,0,0,0,0,0,0,0,0,4,9,0.44,0.0,0.0,0.33,0.0,0.0,1.0,0.0,0.0,0.0
Miguel Castro,26,1,MLB-NL,New York,23,2,2.0,1.0,,25.0,16,8,7,13,32,2,1,2.52,90,2,0,0,0,0,3,1,0,104,430,0.61,0.18,0.16,0.48,0.19,0.07,1.16,0.25,11.5,2.46
Dylan Cease,25,1,MLB-AL,Chicago,12,12,4.0,2.0,,61.2,52,24,23,28,78,5,3,3.36,228,6,0,0,0,5,6,2,2,265,1116,0.62,0.15,0.15,0.33,0.26,0.12,1.297,0.313,11.4,2.79
Luis Cessa,29,1,MLB-AL,New York,19,0,1.0,1.0,,23.1,17,13,8,14,23,1,0,3.09,84,3,0,1,0,0,1,0,0,100,361,0.61,0.18,0.11,0.52,0.25,0.06,1.329,0.267,8.9,1.64
Jhoulys Chacin,33,2,MLB-NL,Colorado,9,1,,1.0,,19.1,22,13,13,9,14,5,0,6.05,76,4,2,0,0,1,1,1,0,87,315,0.61,0.17,0.06,0.52,0.19,0.05,1.603,0.293,6.5,1.56
Andrew Chafin,31,1,MLB-NL,Chicago,28,0,,1.0,,26.1,15,6,6,9,25,1,2,2.05,92,2,1,1,1,0,1,0,0,103,378,0.65,0.17,0.12,0.57,0.15,0.03,0.911,0.212,8.5,2.78
Aroldis Chapman,33,1,MLB-AL,New York,23,0,4.0,,12.0,23.0,7,2,1,11,43,1,0,0.39,72,4,0,1,0,1,1,0,0,85,344,0.66,0.17,0.19,0.45,0.32,0.1,0.783,0.207,16.8,3.91
JT Chargois,30,1,MLB-AL,Seattle,14,0,,,,14.0,8,3,3,2,14,1,2,1.93,47,3,0,0,0,1,1,1,0,52,205,0.62,0.16,0.14,0.44,0.26,0.12,0.714,0.212,9.0,7.0
Tyler Chatwood,31,1,MLB-AL,Toronto,21,0,,2.0,,20.2,17,12,12,14,25,1,1,5.23,75,3,0,0,0,0,1,0,0,90,359,0.56,0.17,0.11,0.44,0.38,0.02,1.5,0.327,10.9,1.79
Adam Cimber,30,2,MLB-NL,Miami,25,0,1.0,2.0,,26.1,27,13,10,9,17,0,3,3.42,100,4,2,3,0,0,1,1,2,112,398,0.64,0.16,0.09,0.45,0.24,0.16,1.367,0.325,5.8,1.89
Steve Cishek,35,1,MLB-AL,Los Angeles,27,0,,,,25.1,23,15,11,16,27,0,1,3.91,98,4,0,3,1,2,1,0,1,117,498,0.61,0.2,0.08,0.56,0.15,0.08,1.539,0.315,9.6,1.69
Jose Cisnero,32,2,MLB-AL,Detroit,27,0,,3.0,1.0,23.2,24,16,11,8,33,3,1,4.18,95,5,0,0,0,0,1,0,0,105,427,0.66,0.19,0.11,0.35,0.37,0.13,1.352,0.356,12.5,4.13
Aaron Civale,26,2,MLB-AL,Cleveland,12,12,8.0,2.0,,80.0,68,32,31,18,58,13,2,3.49,293,12,4,0,0,3,2,1,0,317,1191,0.64,0.15,0.09,0.47,0.26,0.07,1.075,0.244,6.5,3.22
Taylor Clarke,28,1,MLB-NL,Arizona,27,0,1.0,,,30.0,30,14,13,8,26,3,0,3.9,118,7,0,1,0,0,2,0,0,126,483,0.65,0.14,0.11,0.46,0.23,0.04,1.267,0.303,7.8,3.25
Emmanuel Clase,23,2,MLB-AL,Cleveland,26,0,3.0,2.0,9.0,24.2,23,7,3,12,25,0,0,1.09,96,0,1,2,0,0,1,0,0,109,396,0.63,0.14,0.15,0.72,0.15,0.01,1.419,0.324,9.1,2.08
Alex Claudio,29,1,MLB-AL,Los Angeles,26,0,,1.0,,22.1,24,13,12,6,23,4,0,4.84,92,9,0,0,0,0,1,0,0,98,395,0.63,0.19,0.11,0.57,0.25,0.01,1.343,0.308,9.3,3.83
Sam Clay,28,1,MLB-NL,Washington,23,0,,,,17.1,23,11,10,9,14,1,1,5.19,74,3,0,1,0,0,0,0,0,84,299,0.62,0.16,0.1,0.6,0.23,0.03,1.846,0.373,7.3,1.56
Garrett Cleavinger,27,23,MLB-NL,Los Angeles,8,0,1.0,3.0,,6.0,8,6,3,4,9,2,0,4.5,25,0,0,0,0,1,3,0,0,30,133,0.62,0.22,0.11,0.41,0.18,0.06,2.0,0.4,13.5,2.25
Alex Cobb,33,2,MLB-AL,Los Angeles,8,8,4.0,2.0,,40.1,36,22,19,13,49,2,3,4.24,152,7,1,0,0,1,3,0,0,169,679,0.64,0.17,0.13,0.6,0.26,0.03,1.215,0.333,10.9,3.77
Kyle Cody,26,45,MLB-AL,Texas,7,0,,2.0,,11.1,16,11,10,2,14,3,3,7.94,49,1,0,0,0,1,3,0,0,55,209,0.66,0.17,0.12,0.44,0.28,0.08,1.588,0.394,11.1,7.0
A.J. Cole,29,11,MLB-AL,Toronto,6,0,,,1.0,8.0,6,1,1,1,7,1,0,1.13,29,2,0,0,0,0,0,0,0,30,114,0.64,0.13,0.12,0.27,0.32,0.09,0.875,0.238,7.9,7.0
Gerrit Cole,30,4,MLB-AL,New York,12,12,6.0,3.0,,75.2,55,20,19,11,104,6,1,2.26,272,9,1,0,0,1,4,0,0,285,1181,0.68,0.19,0.15,0.44,0.2,0.09,0.872,0.301,12.4,9.45
Alex Colome,32,5,MLB-AL,Minnesota,22,0,2.0,4.0,2.0,20.1,21,20,12,11,21,5,3,5.31,80,2,0,0,0,1,4,1,1,95,383,0.62,0.16,0.12,0.38,0.28,0.03,1.574,0.291,9.3,1.91
Sam Coonrod,28,1,MLB-NL,Philadelphia,23,0,1.0,2.0,2.0,24.0,22,9,9,6,25,4,1,3.38,93,2,0,1,0,1,1,0,0,101,363,0.67,0.17,0.11,0.54,0.16,0.07,1.167,0.277,9.4,4.17
Patrick Corbin,31,4,MLB-NL,Washington,11,11,3.0,5.0,,57.1,65,41,40,22,45,12,2,6.28,221,11,1,1,0,2,5,3,2,250,913,0.63,0.15,0.11,0.5,0.25,0.02,1.517,0.319,7.1,2.05
Nestor Cortes Jr.,26,3,MLB-AL,New York,2,0,,,,5.2,4,2,1,4,7,0,0,1.59,21,2,0,0,0,0,0,0,0,25,99,0.68,0.17,0.1,0.57,0.29,0.14,1.412,0.286,11.1,1.75
Stefan Crichton,29,1,MLB-NL,Arizona,22,0,,4.0,4.0,17.2,21,13,10,7,14,2,0,5.09,72,5,0,2,1,0,1,0,0,79,275,0.63,0.18,0.07,0.52,0.16,0.14,1.585,0.339,7.1,2.0
Kyle Crick,28,2,MLB-NL,Pittsburgh,17,0,1.0,,,17.0,3,4,3,10,15,0,3,1.59,49,1,0,0,0,2,0,0,0,64,259,0.57,0.17,0.11,0.39,0.17,0.11,0.765,0.083,7.9,1.5
Nabil Crismatt,26,2,MLB-NL,San Diego,13,0,1.0,1.0,,25.1,26,11,8,11,26,2,4,2.84,97,5,0,2,0,0,1,1,0,113,407,0.62,0.18,0.13,0.51,0.19,0.06,1.461,0.348,9.2,2.36
Garrett Crochet,22,3,MLB-AL,Chicago,16,0,1.0,2.0,,17.1,14,4,1,11,20,0,1,0.52,64,2,0,1,0,0,2,0,0,79,298,0.6,0.15,0.13,0.41,0.28,0.15,1.442,0.318,10.4,1.82
Jake Cronenworth,27,52,MLB-NL,San Diego,1,0,,,,0.2,1,0,0,0,1,0,0,0.0,2,0,0,0,0,1,0,0,0,3,7,0.71,0.14,0.14,0.5,0.5,0.0,1.5,0.5,13.5,
Wil Crowe,26,6,MLB-NL,Pittsburgh,8,7,,4.0,,31.0,38,25,25,17,28,7,2,7.26,125,2,2,0,0,1,0,0,1,145,612,0.59,0.16,0.08,0.43,0.21,0.06,1.774,0.341,8.1,1.65
Johnny Cueto,35,1,MLB-NL,San Francisco,9,9,4.0,2.0,,48.2,53,21,20,8,40,4,2,3.7,189,13,2,0,0,1,0,0,2,202,776,0.64,0.15,0.11,0.41,0.29,0.09,1.253,0.336,7.4,5.0
John Curtiss,28,2,MLB-NL,Miami,22,1,2.0,1.0,,25.0,25,10,9,3,28,3,1,3.24,99,6,1,0,0,0,1,0,0,103,387,0.68,0.18,0.14,0.37,0.27,0.08,1.12,0.324,10.1,9.33
Yu Darvish,34,4,MLB-NL,San Diego,12,12,6.0,1.0,,72.0,50,20,18,17,84,7,7,2.25,259,15,0,0,0,2,7,0,0,285,1108,0.66,0.19,0.12,0.32,0.25,0.13,0.931,0.253,10.5,4.94
Tucker Davidson,25,4,MLB-NL,Atlanta,2,2,,,,11.2,6,3,3,6,10,1,0,2.31,39,1,0,0,0,1,0,0,0,46,160,0.65,0.13,0.14,0.5,0.2,0.03,1.029,0.172,7.7,1.67
Zach Davies,28,4,MLB-NL,Chicago,12,12,2.0,3.0,,54.2,63,31,30,29,33,4,4,4.94,217,16,1,0,0,1,2,1,1,253,925,0.61,0.16,0.08,0.49,0.26,0.05,1.683,0.326,5.4,1.14
Austin Davis,28,1,MLB-NL,Pittsburgh,1,0,,,,1.0,0,0,0,0,0,0,0,0.0,3,0,0,0,0,0,0,0,0,3,7,0.71,0.14,0.0,0.67,0.0,0.33,0.0,0.0,0.0,
Wade Davis,35,3,MLB-AL,Kansas City,17,0,,2.0,1.0,18.1,19,15,15,7,18,4,2,7.36,68,3,0,0,0,3,3,0,0,81,357,0.61,0.13,0.11,0.37,0.22,0.07,1.418,0.306,8.8,2.57
Grant Dayton,33,3,MLB-NL,Atlanta,13,0,,,,13.0,15,10,9,6,14,2,0,6.23,53,4,1,1,0,2,0,0,0,61,250,0.62,0.14,0.12,0.29,0.29,0.02,1.615,0.333,9.7,2.33
Brett de Geus,23,4,MLB-AL,Texas,16,0,,,,22.1,25,20,20,12,21,2,4,8.06,88,3,1,0,1,0,0,0,0,105,387,0.6,0.18,0.07,0.6,0.19,0.04,1.657,0.354,8.5,1.75
Chase De Jong,27,2,MLB-NL,Pittsburgh,2,2,,,,10.0,10,6,6,3,10,3,0,5.4,40,3,1,2,0,0,0,0,0,43,166,0.66,0.17,0.08,0.27,0.33,0.13,1.3,0.259,9.0,3.33
Jose De Leon,28,34,MLB-NL,Cincinnati,9,2,,1.0,,18.1,22,17,17,11,33,4,2,8.35,76,5,0,0,0,2,0,0,0,91,347,0.65,0.18,0.15,0.33,0.33,0.09,1.8,0.439,16.2,3.0
Enyel De Los Santos,25,25,MLB-NL,Philadelphia,3,0,,1.0,,2.0,3,4,3,1,2,0,1,13.5,9,2,0,0,0,0,0,0,0,11,45,0.71,0.04,0.16,0.43,0.29,0.0,2.0,0.429,9.0,2.0
Jacob deGrom,33,2,MLB-NL,New York,9,9,5.0,2.0,,58.0,25,7,4,8,93,3,0,0.62,196,10,1,0,0,1,2,0,1,205,759,0.71,0.14,0.22,0.46,0.19,0.09,0.569,0.218,14.4,11.63
Anthony DeSclafani,31,4,MLB-NL,San Francisco,12,12,5.0,2.0,,66.2,54,26,26,20,58,8,0,3.51,249,5,0,1,0,0,3,3,0,271,1008,0.63,0.16,0.11,0.51,0.16,0.09,1.11,0.251,7.8,2.9
Ross Detwiler,35,3,MLB-NL,Miami,22,2,1.0,,,21.0,13,7,7,10,27,0,2,3.0,77,5,1,0,0,1,5,0,0,90,347,0.63,0.24,0.12,0.43,0.2,0.14,1.095,0.255,11.6,2.7
Chris Devenski,30,25,MLB-NL,Arizona,8,0,1.0,,1.0,7.1,11,7,7,2,5,2,1,8.59,32,2,0,0,0,0,5,0,0,35,145,0.63,0.17,0.12,0.37,0.3,0.0,1.773,0.36,6.1,2.5
Edwin Diaz,27,2,MLB-NL,New York,23,0,1.0,1.0,10.0,23.1,19,9,8,7,31,0,2,3.09,83,3,1,1,0,0,0,2,0,93,360,0.68,0.16,0.17,0.43,0.32,0.06,1.114,0.365,12.0,4.43
Miguel Diaz,26,5,MLB-NL,San Diego,8,1,2.0,1.0,1.0,17.2,10,5,3,8,19,2,0,1.53,61,2,1,0,0,0,1,0,0,70,284,0.63,0.22,0.06,0.47,0.26,0.05,1.019,0.2,9.7,2.38
Yennsy Diaz,24,14,MLB-NL,New York,2,0,,,,2.0,0,0,0,2,3,0,0,0.0,5,0,0,0,0,0,0,1,0,7,34,0.65,0.26,0.09,0.5,0.0,0.0,1.0,0.0,13.5,1.5
Jake Diekman,34,1,MLB-AL,Oakland,26,0,2.0,1.0,6.0,25.1,20,11,9,11,33,3,1,3.2,95,4,1,1,0,1,0,0,0,108,456,0.62,0.17,0.14,0.37,0.25,0.1,1.224,0.283,11.7,3.0
Wilmer Difo,29,17,MLB-NL,Pittsburgh,1,0,,,,1.0,6,8,8,3,1,1,0,72.0,8,3,0,0,0,1,0,0,0,12,40,0.55,0.13,0.05,0.0,0.63,0.0,9.0,0.714,9.0,0.33
Randy Dobnak,26,5,MLB-AL,Minnesota,10,3,1.0,5.0,1.0,32.0,38,23,22,8,22,5,1,6.19,132,7,0,0,0,0,0,1,0,142,477,0.65,0.18,0.08,0.55,0.25,0.05,1.438,0.314,6.2,2.75
Rafael Dolis,33,2,MLB-AL,Toronto,21,0,1.0,1.0,3.0,19.0,10,10,10,13,22,2,2,4.74,67,1,0,1,0,0,4,0,0,82,308,0.6,0.19,0.11,0.51,0.13,0.11,1.211,0.186,10.4,1.69
Sean Doolittle,34,3,MLB-NL,Cincinnati,23,0,3.0,,1.0,19.2,20,9,9,10,28,3,0,4.12,75,5,1,1,0,1,4,2,0,87,347,0.66,0.14,0.13,0.16,0.33,0.16,1.525,0.378,12.8,2.8
Camilo Doval,23,18,MLB-NL,San Francisco,13,0,1.0,1.0,,10.2,11,10,9,6,13,4,1,7.59,43,1,0,2,1,0,0,0,0,50,217,0.59,0.2,0.1,0.5,0.13,0.07,1.594,0.269,11.0,2.17
Tyler Duffey,30,1,MLB-AL,Minnesota,24,0,,2.0,1.0,22.1,17,11,10,12,22,2,0,4.03,79,3,0,0,0,1,0,0,0,92,369,0.61,0.2,0.1,0.43,0.28,0.03,1.299,0.268,8.9,1.83
Danny Duffy,32,26,MLB-AL,Kansas City,7,7,4.0,3.0,,41.2,35,11,9,12,48,2,0,1.94,158,4,2,0,0,0,0,1,0,170,690,0.65,0.15,0.14,0.31,0.35,0.1,1.128,0.306,10.4,4.0
Matt Duffy,30,40,MLB-NL,Chicago,1,0,,,,0.1,0,0,0,0,0,0,0,0.0,1,0,0,0,0,0,0,0,0,1,5,0.4,0.2,0.0,1.0,0.0,0.0,0.0,0.0,0.0,
Robert Dugger,25,3,MLB-AL,Seattle,10,3,,1.0,,19.2,22,15,14,8,17,4,1,6.41,76,1,1,0,0,1,1,0,1,87,332,0.66,0.2,0.11,0.38,0.3,0.05,1.525,0.321,7.8,2.13
Justin Dunn,25,9,MLB-AL,Seattle,9,9,1.0,2.0,,45.1,27,16,16,27,45,5,3,3.18,161,4,1,0,0,1,9,0,1,192,768,0.62,0.15,0.1,0.34,0.15,0.13,1.191,0.196,8.9,1.67
Dane Dunning,26,1,MLB-AL,Texas,12,12,2.0,4.0,,57.0,60,28,27,19,61,4,0,4.26,224,11,0,0,0,0,2,1,0,244,894,0.66,0.19,0.1,0.55,0.21,0.06,1.386,0.352,9.6,3.21
Jon Duplantier,26,4,MLB-NL,Arizona,2,2,,1.0,,8.2,11,9,9,5,8,4,1,9.35,38,2,0,0,0,0,0,0,0,44,161,0.6,0.17,0.07,0.4,0.23,0.1,1.846,0.269,8.3,1.6
Carl Edwards Jr.,29,1,"MLB-AL,MLB-NL","Toronto,Atlanta",4,0,,,,3.1,7,4,4,2,3,2,0,10.8,17,1,0,0,0,0,0,0,0,19,79,0.54,0.14,0.13,0.29,0.29,0.21,2.7,0.417,8.1,1.5
Zach Eflin,27,8,MLB-NL,Philadelphia,11,11,2.0,5.0,,68.0,73,32,31,8,68,9,0,4.1,268,20,1,2,0,1,0,0,0,278,1017,0.69,0.19,0.1,0.41,0.25,0.07,1.191,0.333,9.0,8.5
Seth Elledge,25,3,MLB-NL,St. Louis,7,0,,,,8.0,10,5,5,5,6,0,1,5.63,30,4,0,0,0,1,0,1,0,37,154,0.57,0.19,0.07,0.4,0.28,0.08,1.875,0.4,6.8,1.2
Kent Emanuel,29,13,MLB-AL,Houston,10,0,1.0,,,17.2,12,5,5,4,13,4,1,2.55,63,0,0,0,0,0,0,0,0,68,240,0.66,0.24,0.05,0.5,0.14,0.06,0.906,0.174,6.6,3.25
Nathan Eovaldi,31,3,MLB-AL,Boston,12,12,7.0,2.0,,66.2,65,29,28,14,65,2,4,3.78,260,17,3,0,0,1,4,0,0,279,1081,0.68,0.17,0.12,0.47,0.28,0.06,1.185,0.325,8.8,4.64
Paolo Espino,34,1,MLB-NL,Washington,12,1,,1.0,,18.1,12,6,6,3,12,3,0,2.95,66,3,0,0,0,0,0,0,0,69,265,0.67,0.19,0.06,0.35,0.22,0.09,0.818,0.176,5.9,4.0
Carlos Estevez,28,5,MLB-NL,Colorado,15,0,,,2.0,14.2,12,6,5,4,16,2,0,3.07,53,3,1,0,0,1,1,0,0,58,226,0.62,0.13,0.16,0.34,0.18,0.05,1.091,0.278,9.8,4.0
Demarcus Evans,24,2,MLB-AL,Texas,4,0,,1.0,,7.0,4,2,2,3,10,1,0,2.57,24,2,0,0,0,0,0,0,0,28,124,0.63,0.16,0.14,0.33,0.07,0.13,1.0,0.231,12.9,3.33
Phillip Evans,28,62,MLB-NL,Pittsburgh,1,0,,,,1.0,0,0,0,0,0,0,0,0.0,3,0,0,0,0,0,0,0,0,3,5,0.8,0.0,0.0,0.0,0.33,0.0,0.0,0.0,0.0,
Pete Fairbanks,27,1,MLB-AL,Tampa Bay,15,0,1.0,,1.0,14.0,12,2,2,8,18,0,0,1.29,54,3,1,0,0,0,3,1,0,62,247,0.64,0.17,0.14,0.33,0.36,0.03,1.429,0.333,11.6,2.25
Bailey Falter,24,43,MLB-NL,Philadelphia,1,0,,,,2.0,4,2,2,0,2,1,0,9.0,9,0,0,0,0,0,0,0,0,9,30,0.67,0.17,0.07,0.57,0.0,0.14,2.0,0.5,9.0,
Jeurys Familia,31,3,MLB-NL,New York,20,0,2.0,,1.0,18.0,19,5,4,11,20,0,0,2.0,73,6,0,0,0,0,0,0,0,84,327,0.66,0.19,0.11,0.58,0.23,0.02,1.667,0.358,10.0,1.82
Buck Farmer,30,32,MLB-AL,Detroit,12,0,,,,10.2,15,15,15,9,10,6,0,12.66,47,0,0,0,0,0,1,0,0,56,265,0.58,0.14,0.09,0.3,0.22,0.08,2.25,0.29,8.4,1.11
Luke Farrell,30,1,MLB-AL,Minnesota,8,0,1.0,,,10.0,7,1,1,3,12,1,0,0.9,36,3,0,0,0,0,0,0,0,39,176,0.61,0.17,0.14,0.33,0.17,0.04,1.0,0.261,10.8,4.0
Erick Fedde,28,22,MLB-NL,Washington,8,8,3.0,4.0,,39.1,31,20,19,18,36,5,1,4.35,143,8,0,4,0,1,5,1,0,167,657,0.61,0.17,0.08,0.5,0.22,0.05,1.246,0.252,8.2,2.0
Michael Feliz,28,1,MLB-NL,"Cincinnati,Pittsburgh",16,0,,,1.0,14.1,21,15,14,5,17,2,0,8.79,63,4,0,0,0,0,1,1,1,68,283,0.66,0.18,0.12,0.24,0.33,0.15,1.814,0.432,10.7,3.4
Junior Fernandez,24,3,MLB-NL,St. Louis,5,0,,,,8.2,8,5,5,6,4,0,0,5.19,32,2,0,0,0,0,0,0,0,38,151,0.6,0.11,0.12,0.5,0.25,0.11,1.615,0.286,4.2,0.67
J.P. Feyereisen,28,1,"MLB-NL,MLB-AL","Milwaukee,Tampa Bay",28,0,2.0,2.0,3.0,27.2,14,10,8,15,29,3,0,2.6,92,2,0,0,0,0,2,1,0,109,463,0.59,0.14,0.17,0.47,0.15,0.06,1.048,0.183,9.4,1.93
Mike Fiers,36,32,MLB-AL,Oakland,2,2,,2.0,,9.1,15,8,8,4,5,4,0,7.71,41,2,0,0,0,0,0,0,0,45,152,0.64,0.17,0.05,0.5,0.14,0.08,2.036,0.344,4.8,1.25
Kyle Finnegan,29,1,MLB-NL,Washington,26,0,2.0,1.0,,24.0,25,15,11,15,28,3,0,4.13,97,5,0,1,0,0,3,0,0,112,488,0.63,0.16,0.11,0.51,0.16,0.07,1.667,0.333,10.5,1.87
Jay Flaa,29,9,"MLB-NL,MLB-AL","Atlanta,Baltimore",2,0,,,,2.2,3,4,4,3,3,2,0,13.5,10,0,0,0,0,0,0,0,0,13,61,0.52,0.1,0.18,0.43,0.0,0.14,2.25,0.2,10.1,1.0
Jack Flaherty,25,7,MLB-NL,St. Louis,11,11,8.0,1.0,,62.0,44,27,20,20,67,7,6,2.9,225,10,0,1,0,2,0,2,1,255,1080,0.62,0.16,0.12,0.38,0.29,0.06,1.032,0.242,9.7,3.35
Josh Fleming,25,3,MLB-AL,Tampa Bay,10,5,5.0,4.0,,52.1,45,20,20,12,30,6,2,3.44,194,6,0,1,0,0,0,0,0,210,755,0.66,0.15,0.09,0.6,0.2,0.01,1.089,0.247,5.2,2.5
Aaron Fletcher,25,17,MLB-AL,Seattle,4,0,,,,3.2,7,5,5,1,2,1,0,12.27,19,1,0,0,0,0,0,0,0,20,86,0.66,0.19,0.13,0.47,0.29,0.06,2.182,0.375,4.9,2.0
Chris Flexen,26,5,MLB-AL,Seattle,10,10,5.0,3.0,,53.2,65,29,28,11,33,6,1,4.7,213,10,2,0,0,3,2,0,2,228,873,0.65,0.14,0.08,0.48,0.25,0.04,1.416,0.333,5.5,3.0
Bernardo Flores Jr.,25,33,MLB-NL,St. Louis,1,0,,,,0.0,1,1,1,2,0,0,0,inf,1,0,0,0,0,0,0,0,0,3,12,0.25,0.08,0.0,0.0,1.0,0.0,,1.0,,0.0
Dylan Floro,30,2,MLB-NL,Miami,27,0,2.0,3.0,1.0,24.0,22,11,10,9,21,0,0,3.75,96,4,0,0,0,0,1,0,0,105,398,0.66,0.17,0.08,0.51,0.21,0.07,1.292,0.293,7.9,2.33
Jason Foley,25,1,MLB-AL,Detroit,1,0,,,,1.0,0,0,0,0,0,0,2,0.0,3,0,0,0,0,0,1,0,0,5,18,0.5,0.11,0.0,0.67,0.33,0.0,0.0,0.0,0.0,
Mike Foltynewicz,29,4,MLB-AL,Texas,12,12,1.0,6.0,,66.1,73,35,35,16,46,13,3,4.75,260,17,1,0,0,1,1,2,1,281,1091,0.66,0.17,0.07,0.37,0.27,0.1,1.342,0.297,6.2,2.88
Matt Foster,26,11,MLB-AL,Chicago,17,0,2.0,1.0,,14.2,16,10,10,4,21,3,2,6.14,59,2,0,0,0,1,0,0,0,66,281,0.65,0.15,0.13,0.31,0.26,0.08,1.364,0.361,12.9,5.25
Seth Frankoff,32,4,MLB-NL,Arizona,4,3,,2.0,,14.2,20,15,15,9,11,4,2,9.2,60,3,0,0,0,0,1,1,0,74,260,0.59,0.12,0.08,0.5,0.17,0.12,1.977,0.356,6.8,1.22
Kyle Freeland,28,2,MLB-NL,Colorado,3,3,,1.0,,13.0,19,9,9,8,7,2,2,6.23,50,3,0,0,0,1,2,1,0,63,238,0.57,0.16,0.07,0.52,0.17,0.11,2.077,0.405,4.8,0.88
Mike Freeman,33,6,MLB-NL,Cincinnati,1,0,,,,0.1,0,0,0,0,1,0,0,0.0,1,0,0,0,0,0,0,0,0,1,4,0.75,0.75,0.0,,,,0.0,,27.0,
Max Fried,27,1,MLB-NL,Atlanta,9,9,3.0,3.0,,44.2,50,25,23,16,45,4,4,4.63,178,12,0,0,0,2,1,1,1,201,756,0.65,0.17,0.12,0.46,0.25,0.06,1.478,0.351,9.1,2.81
Paul Fry,28,3,MLB-AL,Baltimore,23,0,,1.0,2.0,22.2,14,5,5,10,33,0,0,1.99,78,1,0,0,1,1,1,0,0,90,354,0.66,0.21,0.12,0.55,0.28,0.04,1.059,0.304,13.1,3.3
Joshua Fuentes,28,42,MLB-NL,Colorado,1,0,,,,1.0,1,0,0,0,0,0,0,0.0,4,0,0,0,0,0,0,0,0,4,9,0.67,0.22,0.0,0.25,0.5,0.0,1.0,0.25,0.0,
Carson Fulmer,27,18,MLB-NL,Cincinnati,20,0,,,,25.2,26,20,19,13,24,3,3,6.66,98,5,1,0,0,1,2,0,0,116,448,0.57,0.15,0.12,0.49,0.2,0.05,1.519,0.319,8.4,1.85
Michael Fulmer,28,8,MLB-AL,Detroit,20,4,4.0,3.0,4.0,35.0,33,16,13,10,35,4,3,3.34,138,2,0,0,0,0,1,0,0,151,590,0.63,0.15,0.14,0.47,0.23,0.11,1.229,0.293,9.0,3.5
Kyle Funkhouser,27,2,MLB-AL,Detroit,11,0,,,,14.2,9,9,5,6,13,1,1,3.07,50,1,0,0,0,1,0,1,0,60,242,0.63,0.19,0.08,0.7,0.1,0.05,1.023,0.216,8.0,2.17
Giovanny Gallegos,29,1,MLB-NL,St. Louis,27,0,3.0,1.0,1.0,35.0,18,9,9,8,41,2,3,2.31,119,3,0,1,1,1,1,2,0,131,515,0.65,0.15,0.15,0.33,0.24,0.13,0.743,0.208,10.5,5.13
Zac Gallen,25,31,MLB-NL,Arizona,5,5,1.0,1.0,,26.2,18,10,9,14,32,1,2,3.04,99,4,0,0,0,0,0,0,0,115,452,0.61,0.18,0.11,0.45,0.22,0.1,1.2,0.258,10.8,2.29
John Gant,28,1,MLB-NL,St. Louis,11,11,4.0,3.0,,54.2,50,19,16,37,41,3,3,2.63,202,7,1,1,0,1,5,0,0,246,973,0.6,0.17,0.1,0.49,0.25,0.05,1.591,0.296,6.8,1.11
Bryan Garcia,26,1,MLB-AL,Detroit,20,0,1.0,1.0,2.0,19.2,17,15,11,14,18,2,2,5.03,76,4,0,0,0,0,2,0,0,93,382,0.59,0.13,0.09,0.34,0.27,0.05,1.576,0.268,8.2,1.29
Deivi Garcia,22,9,MLB-AL,New York,2,2,,2.0,,8.1,8,7,6,4,7,1,1,6.48,32,4,1,0,0,1,0,0,0,38,153,0.6,0.16,0.12,0.23,0.27,0.08,1.44,0.28,7.6,1.75
Jarlin Garcia,28,1,MLB-NL,San Francisco,16,0,,1.0,1.0,20.2,12,9,8,9,26,3,1,3.48,72,5,0,1,0,0,0,2,2,82,325,0.65,0.24,0.1,0.41,0.28,0.04,1.016,0.209,11.3,2.89
Luis Garcia,24,1,MLB-AL,Houston,12,10,5.0,3.0,,59.0,40,18,18,19,68,8,3,2.75,212,9,1,1,0,2,2,1,0,236,968,0.63,0.18,0.13,0.38,0.17,0.11,1.0,0.232,10.4,3.58
Rony Garcia,23,3,MLB-AL,Detroit,2,0,,,,3.2,1,1,1,2,2,1,0,2.45,10,0,0,0,0,0,0,1,0,12,56,0.59,0.23,0.04,0.25,0.13,0.0,0.818,0.0,4.9,1.0
Yimi Garcia,30,1,MLB-NL,Miami,25,0,3.0,4.0,10.0,24.0,18,10,7,7,23,3,1,2.63,87,4,2,3,0,2,0,0,0,97,386,0.68,0.18,0.13,0.42,0.18,0.05,1.042,0.238,8.6,3.29
Amir Garrett,29,6,MLB-NL,Cincinnati,19,0,,1.0,2.0,16.0,17,17,17,12,17,7,0,9.56,61,4,0,2,0,0,3,0,0,74,265,0.6,0.22,0.14,0.38,0.22,0.07,1.813,0.27,9.6,1.42
Braxton Garrett,23,23,MLB-NL,Miami,1,0,,,,3.0,3,3,3,1,2,0,1,9.0,10,0,0,0,0,1,0,0,0,13,51,0.63,0.12,0.12,0.44,0.56,0.0,1.333,0.333,6.0,2.0
Ralph Garza,27,9,MLB-AL,Houston,1,0,,1.0,,1.0,2,3,2,1,1,1,0,18.0,5,1,0,1,0,0,0,0,0,6,19,0.58,0.16,0.0,0.25,0.0,0.0,3.0,0.333,9.0,1.0
Kevin Gausman,30,2,MLB-NL,San Francisco,12,12,7.0,,,77.2,43,13,11,16,93,5,0,1.27,276,11,0,0,0,1,2,0,0,293,1133,0.68,0.17,0.16,0.43,0.2,0.05,0.76,0.212,10.8,5.81
Domingo German,28,1,MLB-AL,New York,11,11,4.0,3.0,,60.2,50,22,21,12,55,12,1,3.12,229,7,1,0,0,0,1,1,1,242,928,0.66,0.16,0.13,0.47,0.14,0.07,1.022,0.235,8.2,4.58
Kyle Gibson,33,3,MLB-AL,Texas,11,11,4.0,,,65.2,47,16,15,19,53,3,2,2.06,238,9,0,0,0,0,1,2,1,259,977,0.63,0.17,0.12,0.54,0.22,0.08,1.005,0.242,7.3,2.79
Logan Gilbert,24,1,MLB-AL,Seattle,5,5,1.0,2.0,,21.2,20,12,12,7,23,3,3,4.98,84,8,0,1,0,1,2,0,0,96,408,0.63,0.13,0.11,0.25,0.38,0.06,1.246,0.288,9.6,3.29
Lucas Gilbreath,25,9,MLB-NL,Colorado,9,0,,,,8.1,11,8,8,4,8,3,0,8.64,35,3,0,0,0,1,0,0,0,40,147,0.61,0.14,0.12,0.57,0.25,0.0,1.8,0.32,8.6,2.0
Kevin Ginkel,27,3,MLB-NL,Arizona,27,0,,1.0,,23.0,24,19,15,10,27,6,2,5.87,92,7,1,0,0,0,0,1,0,104,458,0.6,0.15,0.12,0.42,0.25,0.05,1.478,0.305,10.6,2.7
Lucas Giolito,26,2,MLB-AL,Chicago,12,12,5.0,5.0,,69.2,54,33,30,24,87,13,1,3.88,260,9,2,0,0,1,6,0,0,286,1159,0.67,0.15,0.16,0.36,0.26,0.13,1.12,0.255,11.2,3.63
Mychal Givens,31,1,MLB-NL,Colorado,22,0,2.0,2.0,,20.1,16,8,7,10,22,4,2,3.1,73,4,0,2,0,1,3,1,0,86,348,0.61,0.2,0.1,0.31,0.35,0.15,1.279,0.25,9.7,2.2
Tyler Glasnow,27,6,MLB-AL,Tampa Bay,12,12,4.0,2.0,,77.0,46,23,23,25,106,10,0,2.69,273,10,1,0,0,0,6,2,0,298,1172,0.65,0.17,0.17,0.45,0.21,0.07,0.922,0.229,12.4,4.24
Zack Godley,31,40,MLB-NL,Milwaukee,1,1,,1.0,,3.0,1,4,3,5,5,0,1,9.0,10,0,0,0,0,0,0,0,0,17,73,0.49,0.16,0.11,0.5,0.17,0.0,2.0,0.2,15.0,1.0
Austin Gomber,27,4,MLB-NL,Colorado,12,12,4.0,5.0,,63.1,49,35,29,23,66,9,1,4.12,234,9,0,2,0,2,0,1,0,262,1004,0.65,0.2,0.11,0.45,0.21,0.05,1.137,0.248,9.4,2.87
Marco Gonzales,29,6,MLB-AL,Seattle,6,6,1.0,3.0,,32.1,29,18,18,12,29,7,1,5.01,122,10,0,1,0,1,0,0,0,136,528,0.63,0.17,0.08,0.35,0.24,0.12,1.268,0.253,8.1,2.42
Chi Chi Gonzalez,29,3,MLB-NL,Colorado,11,7,2.0,3.0,,48.1,53,26,26,14,25,6,1,4.84,186,12,0,0,0,2,2,1,0,204,755,0.67,0.18,0.06,0.4,0.33,0.05,1.386,0.299,4.7,1.79
Victor Gonzalez,25,1,MLB-NL,Los Angeles,24,0,2.0,,1.0,19.2,13,5,5,9,20,1,2,2.29,71,2,0,0,0,0,1,1,0,82,308,0.63,0.19,0.13,0.63,0.16,0.04,1.119,0.24,9.2,2.22
Ashton Goudeau,28,12,MLB-NL,Cincinnati,2,0,,,,4.0,1,0,0,1,2,0,0,0.0,13,0,0,0,0,0,1,0,0,14,46,0.63,0.17,0.07,0.64,0.18,0.09,0.5,0.091,4.5,2.0
Brusdar Graterol,22,42,MLB-NL,Los Angeles,3,0,,,,1.1,3,3,3,2,1,0,0,20.25,7,1,0,0,0,0,1,0,0,9,36,0.58,0.17,0.03,0.5,0.33,0.0,3.75,0.5,6.8,0.5
Kendall Graveman,30,22,MLB-AL,Seattle,14,0,1.0,,5.0,16.2,6,0,0,3,17,0,1,0.0,54,1,0,0,0,0,0,0,0,58,236,0.66,0.18,0.13,0.43,0.32,0.08,0.54,0.162,9.2,5.67
Jon Gray,29,3,MLB-NL,Colorado,12,12,4.0,6.0,,63.0,54,37,30,27,50,8,2,4.29,236,8,3,1,0,3,2,0,1,270,1042,0.62,0.19,0.1,0.54,0.21,0.03,1.286,0.254,7.1,1.85
Sonny Gray,31,6,MLB-NL,Cincinnati,9,9,1.0,4.0,,47.0,43,21,19,20,60,8,1,3.64,183,6,1,1,0,0,3,0,0,204,798,0.63,0.21,0.11,0.46,0.26,0.07,1.34,0.304,11.5,3.0
Chad Green,30,2,MLB-AL,New York,25,0,,4.0,2.0,28.2,18,12,10,7,27,5,0,3.14,98,2,0,0,1,0,2,2,0,106,437,0.63,0.16,0.14,0.35,0.15,0.24,0.872,0.197,8.5,3.86
Zack Greinke,37,3,MLB-AL,Houston,13,13,6.0,2.0,,82.2,74,31,31,16,60,10,1,3.38,307,15,0,0,0,2,2,1,0,326,1209,0.65,0.18,0.09,0.41,0.24,0.08,1.089,0.268,6.5,3.75
Robert Gsellman,27,5,MLB-NL,New York,13,0,,,,22.1,18,8,6,6,14,1,1,2.42,83,4,0,0,0,0,1,1,1,91,334,0.63,0.13,0.1,0.51,0.23,0.06,1.075,0.25,5.6,2.33
Reymin Guduan,29,13,MLB-AL,Oakland,11,0,,,,14.1,19,11,10,5,5,1,0,6.28,55,4,0,0,0,4,0,0,0,65,229,0.67,0.18,0.08,0.36,0.38,0.05,1.674,0.34,3.1,1.0
Deolis Guerra,32,7,MLB-AL,Oakland,16,0,1.0,1.0,,24.1,14,13,9,9,24,2,0,3.33,84,1,0,0,1,1,6,0,0,95,406,0.64,0.16,0.12,0.31,0.21,0.15,0.945,0.203,8.9,2.67
Junior Guerra,36,11,MLB-AL,Los Angeles,15,1,2.0,1.0,,26.0,20,17,16,16,23,3,0,5.54,99,4,0,1,0,1,2,0,0,116,461,0.57,0.14,0.1,0.49,0.16,0.13,1.385,0.23,8.0,1.44
Luis Guillorme,26,47,MLB-NL,New York,1,0,,,,1.0,3,2,2,1,0,0,0,18.0,6,1,0,0,0,0,0,0,0,7,16,0.56,0.19,0.0,0.17,0.67,0.0,4.0,0.5,0.0,0.0
Vladimir Gutiérrez,25,4,MLB-NL,Cincinnati,2,2,1.0,1.0,,10.0,5,3,3,5,6,1,0,2.7,34,0,0,0,0,0,2,0,0,40,144,0.65,0.22,0.06,0.45,0.1,0.07,1.0,0.148,5.4,1.2
Josh Hader,27,2,MLB-NL,Milwaukee,24,0,3.0,,14.0,23.2,10,2,2,8,41,0,0,0.76,80,3,0,0,0,1,3,0,0,89,390,0.67,0.14,0.22,0.3,0.3,0.1,0.761,0.25,15.6,5.13
Jesse Hahn,31,57,MLB-AL,Kansas City,5,0,,,1.0,3.1,5,5,5,4,3,2,1,13.5,14,0,0,0,0,0,0,0,0,19,88,0.55,0.18,0.05,0.55,0.18,0.09,2.7,0.333,8.1,0.75
David Hale,33,7,MLB-NL,Philadelphia,13,1,,2.0,,22.1,22,15,14,8,18,4,1,5.64,86,6,0,1,1,0,2,0,0,95,391,0.59,0.13,0.09,0.46,0.29,0.06,1.343,0.281,7.3,2.25
Brad Hand,31,3,MLB-NL,Washington,21,0,2.0,2.0,10.0,20.2,17,11,8,9,20,3,3,3.48,74,2,0,2,0,1,1,0,0,89,343,0.62,0.22,0.08,0.49,0.18,0.05,1.258,0.269,8.7,2.22
J.A. Happ,38,4,MLB-AL,Minnesota,10,10,3.0,2.0,,51.1,52,32,32,16,37,8,2,5.61,200,14,3,0,0,2,3,0,0,220,912,0.63,0.15,0.07,0.34,0.24,0.08,1.325,0.28,6.5,2.31
Ryne Harper,32,49,MLB-NL,Washington,2,0,,,,3.0,2,1,1,1,2,0,0,3.0,10,1,0,0,0,1,0,0,0,12,44,0.59,0.14,0.09,0.44,0.22,0.11,1.0,0.222,6.0,2.0
Will Harris,36,16,MLB-NL,Washington,8,0,,1.0,,6.0,7,6,6,3,9,1,0,9.0,27,3,0,0,0,0,0,0,0,30,135,0.62,0.12,0.12,0.33,0.39,0.06,1.667,0.353,13.5,3.0
Geoff Hartlieb,27,28,MLB-NL,Pittsburgh,1,0,,,,2.0,2,3,3,3,2,0,1,13.5,7,2,0,0,0,0,0,0,0,11,49,0.45,0.14,0.04,0.8,0.2,0.0,2.5,0.4,9.0,0.67
Hunter Harvey,26,1,MLB-AL,Baltimore,2,0,,,,2.0,3,1,1,0,1,0,0,4.5,9,0,1,0,0,0,0,0,0,9,22,0.82,0.27,0.0,0.25,0.38,0.13,1.5,0.375,4.5,
Matt Harvey,32,5,MLB-AL,Baltimore,12,12,3.0,6.0,,51.2,66,43,38,17,45,8,2,6.62,220,15,2,0,0,2,10,1,0,242,961,0.62,0.17,0.08,0.44,0.23,0.05,1.606,0.343,7.8,2.65
Louis Head,31,18,MLB-AL,Tampa Bay,6,0,,,,9.0,5,3,3,4,4,0,1,3.0,29,2,0,0,0,1,0,1,0,35,139,0.58,0.07,0.12,0.15,0.15,0.12,1.0,0.192,4.0,1.0
Andrew Heaney,30,6,MLB-AL,Los Angeles,10,10,3.0,3.0,,51.0,46,28,27,17,62,9,1,4.76,194,4,0,0,0,1,1,0,0,213,914,0.65,0.16,0.13,0.34,0.26,0.07,1.235,0.298,10.9,3.65
Taylor Hearn,26,1,MLB-AL,Texas,18,0,2.0,1.0,,29.2,29,15,14,18,34,5,0,4.25,113,2,0,0,0,1,3,1,1,133,558,0.63,0.17,0.1,0.44,0.21,0.06,1.584,0.32,10.3,1.89
Ryan Helsley,26,2,MLB-NL,St. Louis,26,0,3.0,4.0,1.0,23.2,25,18,18,16,23,2,0,6.85,91,6,0,1,0,2,0,0,0,110,435,0.6,0.15,0.11,0.47,0.26,0.08,1.732,0.338,8.7,1.44
Heath Hembree,32,1,MLB-NL,Cincinnati,16,0,1.0,1.0,1.0,16.2,9,11,10,5,24,4,1,5.4,58,2,0,0,0,0,0,1,0,64,297,0.64,0.15,0.14,0.24,0.18,0.26,0.84,0.167,13.0,4.8
Kyle Hendricks,31,1,MLB-NL,Chicago,12,12,7.0,4.0,,68.2,83,39,35,14,56,17,3,4.59,282,14,1,1,0,1,2,1,1,302,1012,0.7,0.19,0.1,0.43,0.28,0.07,1.413,0.314,7.3,4.0
Liam Hendriks,32,1,MLB-AL,Chicago,26,0,2.0,1.0,15.0,24.1,15,7,5,3,40,4,0,1.85,90,2,0,1,0,0,0,0,0,94,395,0.7,0.12,0.19,0.38,0.16,0.1,0.74,0.239,14.8,13.33
Ryan Hendrix,26,1,MLB-NL,Cincinnati,17,0,2.0,,,15.1,15,9,8,9,17,2,0,4.7,58,3,1,1,0,0,0,1,0,67,263,0.57,0.19,0.13,0.41,0.29,0.02,1.565,0.333,10.0,1.89
Sam Hentges,24,1,MLB-AL,Cleveland,9,4,1.0,1.0,,24.1,41,24,23,15,26,5,0,8.51,108,9,0,0,0,1,3,0,0,124,491,0.56,0.13,0.1,0.46,0.17,0.07,2.301,0.462,9.6,1.73
Carlos Hernandez,24,9,MLB-AL,Kansas City,4,0,1.0,,,7.2,10,7,7,8,11,0,0,8.22,32,2,0,1,0,0,0,0,0,40,154,0.6,0.16,0.12,0.48,0.14,0.05,2.348,0.476,12.9,1.38
Darwinzon Hernandez,24,1,MLB-AL,Boston,21,0,,2.0,,18.0,12,8,6,18,26,1,1,3.0,64,2,0,0,0,1,0,1,0,85,345,0.58,0.19,0.13,0.48,0.25,0.08,1.667,0.289,13.0,1.44
Elieser Hernandez,26,4,MLB-NL,Miami,2,2,,,,7.1,5,3,3,0,9,2,0,3.68,27,0,0,0,0,0,0,0,0,27,102,0.71,0.19,0.15,0.33,0.11,0.06,0.682,0.188,11.0,
Codi Heuer,24,2,MLB-AL,Chicago,23,0,4.0,1.0,,24.0,33,16,16,4,26,3,1,6.0,96,4,1,0,0,1,0,1,0,104,370,0.69,0.14,0.16,0.45,0.29,0.04,1.542,0.441,9.8,6.5
Jordan Hicks,24,37,MLB-NL,St. Louis,10,0,,,,10.0,5,6,6,10,10,0,0,5.4,34,1,1,0,0,0,1,1,0,44,202,0.54,0.16,0.07,0.71,0.17,0.0,1.5,0.208,9.0,1.0
Trevor Hildenberger,30,47,MLB-NL,New York,2,0,,,,2.1,3,4,4,3,4,1,1,15.43,10,0,0,0,0,0,0,0,0,14,58,0.55,0.19,0.07,0.33,0.0,0.0,2.571,0.4,15.4,1.33
Rich Hill,41,2,MLB-AL,Tampa Bay,12,12,5.0,2.0,,62.0,41,21,21,20,63,7,5,3.05,217,8,1,0,0,2,5,1,0,244,906,0.68,0.22,0.11,0.46,0.22,0.06,0.984,0.228,9.1,3.15
Tim Hill,31,2,MLB-NL,San Diego,28,0,3.0,2.0,,24.1,19,13,6,8,28,4,1,2.22,92,2,0,4,0,1,0,0,0,103,391,0.67,0.18,0.13,0.65,0.17,0.05,1.11,0.246,10.4,3.5
Jeff Hoffman,28,12,MLB-NL,Cincinnati,10,10,3.0,4.0,,41.0,38,25,21,27,39,4,2,4.61,156,9,1,1,0,2,3,0,1,188,773,0.6,0.16,0.11,0.37,0.32,0.04,1.585,0.296,8.6,1.44
Derek Holland,34,2,MLB-AL,Detroit,13,1,1.0,1.0,,14.1,21,16,16,8,18,2,0,10.05,65,8,0,0,0,1,2,0,0,74,270,0.64,0.2,0.1,0.48,0.21,0.02,2.023,0.413,11.3,2.25
Greg Holland,35,2,MLB-AL,Kansas City,22,0,2.0,1.0,3.0,20.2,19,9,8,14,24,4,0,3.48,81,2,1,0,0,0,0,0,0,95,420,0.61,0.15,0.12,0.51,0.25,0.05,1.597,0.283,10.5,1.71
Jordan Holloway,25,17,MLB-NL,Miami,8,2,1.0,2.0,,17.2,11,6,5,10,14,0,0,2.55,63,6,0,0,0,0,0,0,0,73,322,0.61,0.2,0.1,0.43,0.18,0.12,1.189,0.224,7.1,1.4
Clay Holmes,28,2,MLB-NL,Pittsburgh,25,0,2.0,,,26.1,21,9,8,8,25,1,3,2.73,99,2,0,0,0,0,2,0,0,111,429,0.62,0.2,0.12,0.71,0.13,0.05,1.101,0.274,8.5,3.13
Brent Honeywell Jr.,26,44,MLB-AL,Tampa Bay,3,2,,,,4.1,5,4,4,3,4,2,0,8.31,18,0,0,0,0,0,1,0,0,21,78,0.6,0.13,0.08,0.43,0.21,0.07,1.846,0.25,8.3,1.33
Tanner Houck,25,50,MLB-AL,Boston,3,2,,2.0,,10.1,14,7,5,1,12,1,0,4.35,43,3,0,0,0,0,0,0,0,45,158,0.68,0.16,0.13,0.53,0.19,0.13,1.452,0.433,10.5,12.0
Adrian Houser,28,6,MLB-NL,Milwaukee,11,10,3.0,5.0,,53.2,47,26,23,23,48,9,1,3.86,199,5,1,0,0,1,5,4,1,226,928,0.59,0.15,0.08,0.62,0.2,0.03,1.304,0.266,8.0,2.09
Sam Howard,28,2,MLB-NL,Pittsburgh,28,0,2.0,2.0,,21.1,10,6,6,15,30,3,0,2.53,72,2,0,0,0,0,2,0,0,87,393,0.59,0.17,0.17,0.43,0.14,0.12,1.172,0.179,12.7,2.0
Spencer Howard,24,2,MLB-NL,Philadelphia,6,3,,1.0,,13.2,10,8,7,11,19,0,2,4.61,50,2,2,0,0,1,1,0,0,64,279,0.62,0.19,0.12,0.34,0.28,0.13,1.537,0.313,12.5,1.73
James Hoyt,34,34,MLB-AL,Los Angeles,2,0,,,,1.2,1,0,0,3,2,0,0,0.0,6,0,0,0,0,0,0,0,0,9,38,0.5,0.18,0.13,1.0,0.0,0.0,2.4,0.25,10.8,0.67
Daniel Hudson,34,3,MLB-NL,Washington,22,0,4.0,1.0,,22.2,13,6,6,7,32,2,0,2.38,78,4,0,0,1,2,1,1,0,87,356,0.65,0.13,0.17,0.35,0.13,0.06,0.882,0.239,12.7,4.57
Tommy Hunter,34,20,MLB-NL,New York,4,1,,,,8.0,4,0,0,3,6,0,1,0.0,27,1,0,0,0,0,0,0,0,33,109,0.65,0.16,0.06,0.5,0.23,0.05,0.875,0.19,6.8,2.0
Raisel Iglesias,31,3,MLB-AL,Los Angeles,22,0,3.0,2.0,10.0,23.0,20,12,10,3,34,5,1,3.91,85,2,0,0,0,1,1,0,0,91,361,0.69,0.16,0.21,0.45,0.21,0.04,1.0,0.319,13.3,11.33
Cole Irvin,27,2,MLB-AL,Oakland,12,12,4.0,7.0,,69.1,73,31,30,12,50,7,3,3.89,274,17,0,0,0,0,1,1,1,292,1039,0.69,0.16,0.1,0.38,0.29,0.07,1.226,0.304,6.5,4.17
Tyler Ivey,25,17,MLB-AL,Houston,1,1,,,,4.2,6,4,4,1,3,1,0,7.71,19,1,0,0,0,0,1,0,0,20,79,0.7,0.23,0.06,0.31,0.19,0.06,1.5,0.333,5.8,3.0
Luke Jackson,29,2,MLB-NL,Atlanta,24,0,1.0,1.0,,21.2,15,3,3,10,20,2,0,1.25,77,2,0,1,1,0,5,0,0,88,362,0.62,0.15,0.12,0.5,0.28,0.03,1.154,0.236,8.3,2.0
Kenley Jansen,33,3,MLB-NL,Los Angeles,23,0,,2.0,12.0,24.0,7,8,5,18,28,1,0,1.88,73,1,0,3,0,2,8,0,0,94,380,0.61,0.17,0.15,0.38,0.1,0.13,1.042,0.13,10.5,1.56
Cristian Javier,24,4,MLB-AL,Houston,11,9,3.0,1.0,,55.2,34,20,20,26,68,8,3,3.23,194,8,1,1,0,2,1,1,0,225,952,0.6,0.15,0.12,0.27,0.25,0.1,1.078,0.217,11.0,2.62
Joe Jimenez,26,3,MLB-AL,Detroit,11,0,,,,8.2,5,9,9,14,12,1,2,9.35,30,1,0,0,0,0,2,0,0,46,213,0.57,0.14,0.12,0.5,0.11,0.11,2.192,0.235,12.5,0.86
Pierce Johnson,30,3,MLB-NL,San Diego,22,0,1.0,2.0,,18.1,12,7,7,9,28,1,0,3.44,66,2,0,1,0,0,0,0,0,75,326,0.63,0.22,0.13,0.37,0.34,0.08,1.145,0.297,13.7,3.11
Nate Jones,35,1,MLB-NL,"Los Angeles,Atlanta",18,0,,2.0,,17.1,11,9,6,10,11,4,1,3.12,64,1,0,4,0,0,0,0,0,75,261,0.63,0.11,0.14,0.34,0.26,0.11,1.212,0.143,5.7,1.1
Jakob Junis,28,4,MLB-AL,Kansas City,15,5,2.0,3.0,,34.2,39,21,20,11,35,6,0,5.19,136,7,0,0,0,2,0,1,0,149,549,0.64,0.18,0.11,0.44,0.25,0.04,1.442,0.34,9.1,3.18
James Kaprielian,27,1,MLB-AL,Oakland,5,5,2.0,1.0,,26.1,20,9,9,12,28,3,2,3.08,97,6,0,0,0,1,1,0,0,112,459,0.61,0.18,0.1,0.3,0.26,0.1,1.215,0.254,9.6,2.33
James Karinchak,25,2,MLB-AL,Cleveland,27,0,2.0,2.0,7.0,25.0,12,10,8,13,44,3,1,2.88,87,1,1,0,0,1,2,0,0,102,450,0.62,0.17,0.16,0.3,0.27,0.16,1.0,0.22,15.8,3.38
Anthony Kay,26,17,MLB-AL,Toronto,5,4,,2.0,,17.2,19,14,13,10,20,3,3,6.62,68,7,1,0,0,0,0,2,0,81,363,0.6,0.15,0.09,0.48,0.29,0.0,1.642,0.356,10.2,2.0
Scott Kazmir,37,3,MLB-NL,San Francisco,3,2,,1.0,,7.0,8,5,5,1,7,3,0,6.43,28,2,0,0,0,0,0,0,0,29,113,0.71,0.17,0.1,0.43,0.19,0.05,1.286,0.278,9.0,7.0
Keone Kela,28,31,MLB-NL,San Diego,12,0,2.0,2.0,,10.2,11,8,6,3,13,3,0,5.06,45,0,0,0,0,0,1,0,0,48,201,0.65,0.23,0.09,0.44,0.16,0.06,1.313,0.276,11.0,4.33
Brad Keller,25,3,MLB-AL,Kansas City,12,12,6.0,4.0,,55.2,70,39,34,25,51,8,3,5.5,229,16,1,1,0,5,2,1,0,262,1012,0.62,0.15,0.09,0.5,0.27,0.02,1.707,0.354,8.2,2.04
Kyle Keller,28,17,MLB-NL,Pittsburgh,3,0,,,,3.1,2,3,3,3,4,2,0,8.1,12,0,0,0,0,0,0,0,0,15,73,0.62,0.16,0.08,0.25,0.38,0.13,1.5,0.0,10.8,1.33
Mitch Keller,25,3,MLB-NL,Pittsburgh,11,11,3.0,6.0,,44.2,51,33,33,26,48,6,1,6.65,182,15,2,0,0,1,6,1,0,210,855,0.62,0.16,0.08,0.36,0.3,0.04,1.724,0.349,9.7,1.85
Joe Kelly,33,3,MLB-NL,Los Angeles,10,0,1.0,,,9.0,11,8,7,2,10,2,0,7.0,40,4,1,0,0,0,0,0,0,42,167,0.69,0.22,0.13,0.47,0.33,0.03,1.444,0.321,10.0,5.0
Merrill Kelly,32,2,MLB-NL,Arizona,12,12,2.0,6.0,,70.1,75,43,40,19,62,10,1,5.12,274,13,2,2,0,3,4,3,2,300,1077,0.66,0.18,0.09,0.46,0.27,0.05,1.336,0.317,7.9,3.26
Ian Kennedy,36,3,MLB-AL,Texas,21,0,,,12.0,21.1,16,6,6,7,25,2,0,2.53,77,2,0,2,0,0,0,0,0,84,317,0.69,0.17,0.14,0.29,0.25,0.08,1.078,0.28,10.5,3.57
Clayton Kershaw,33,2,MLB-NL,Los Angeles,13,13,7.0,5.0,,76.1,63,32,31,14,86,8,2,3.66,285,11,1,0,0,0,5,5,4,304,1111,0.67,0.16,0.16,0.5,0.18,0.08,1.009,0.288,10.1,6.14
Dallas Keuchel,33,3,MLB-AL,Chicago,12,12,4.0,1.0,,65.2,66,36,31,19,33,9,2,4.25,253,12,2,0,0,0,1,1,1,275,1028,0.62,0.18,0.08,0.6,0.2,0.03,1.294,0.27,4.5,1.74
Mike Kickham,32,36,MLB-NL,Los Angeles,1,0,,,,2.0,5,3,3,1,2,1,1,13.5,10,1,0,0,0,0,0,0,0,12,45,0.64,0.11,0.09,0.5,0.13,0.0,3.0,0.571,9.0,2.0
Yusei Kikuchi,30,2,MLB-AL,Seattle,11,11,3.0,3.0,,66.2,50,31,29,20,69,13,1,3.92,245,4,1,0,0,0,1,0,0,266,1008,0.67,0.18,0.14,0.51,0.23,0.03,1.05,0.227,9.3,3.45
Kwang Hyun Kim,32,3,MLB-NL,St. Louis,9,9,1.0,4.0,,40.0,42,21,18,12,36,5,2,4.05,162,10,1,0,0,1,1,1,1,177,705,0.62,0.18,0.1,0.44,0.27,0.08,1.35,0.303,8.1,3.0
Craig Kimbrel,33,1,MLB-NL,Chicago,24,0,1.0,2.0,14.0,24.0,10,5,2,8,41,1,0,0.75,82,2,0,0,0,1,1,0,0,91,384,0.66,0.2,0.18,0.33,0.33,0.1,0.75,0.22,15.4,5.13
John King,26,1,MLB-AL,Texas,21,0,5.0,4.0,,30.0,33,13,8,6,25,1,3,2.4,119,5,0,1,0,0,0,0,0,129,440,0.69,0.18,0.1,0.59,0.29,0.03,1.3,0.344,7.5,4.17
Michael King,26,3,MLB-AL,New York,9,2,,3.0,,27.1,25,13,11,10,25,3,3,3.62,106,5,0,0,0,0,0,0,0,120,442,0.64,0.18,0.09,0.46,0.31,0.07,1.28,0.282,8.2,2.5
Tyler Kinley,30,2,MLB-NL,Colorado,24,0,1.0,,,24.1,18,12,12,13,24,2,1,4.44,87,4,4,1,0,2,2,0,1,104,404,0.6,0.14,0.13,0.41,0.23,0.09,1.274,0.254,8.9,1.85
Brandon Kintzler,36,1,MLB-NL,Philadelphia,20,0,2.0,1.0,,18.0,31,18,17,4,14,5,1,8.5,82,6,1,2,1,1,2,0,0,88,330,0.65,0.2,0.05,0.59,0.25,0.03,1.944,0.406,7.0,3.5
Andrew Kittredge,31,1,MLB-AL,Tampa Bay,20,2,5.0,1.0,2.0,28.0,17,6,4,8,24,2,2,1.29,97,6,0,2,0,1,2,1,1,108,375,0.67,0.14,0.13,0.55,0.2,0.03,0.893,0.208,7.7,3.0
Corey Kluber,35,13,MLB-AL,New York,10,10,4.0,3.0,,53.1,41,21,18,23,55,5,3,3.04,192,6,0,0,0,2,5,1,1,220,848,0.64,0.17,0.13,0.48,0.22,0.08,1.2,0.269,9.3,2.39
Corey Knebel,29,45,MLB-NL,Los Angeles,8,0,1.0,,2.0,6.0,3,3,3,3,9,0,0,4.5,21,1,0,0,0,0,0,0,0,24,89,0.65,0.2,0.17,0.58,0.33,0.0,1.0,0.25,13.5,3.0
Adam Kolarek,32,19,MLB-AL,Oakland,12,0,,,,9.0,15,10,8,5,4,2,1,8.0,44,2,0,0,0,0,0,0,0,51,190,0.63,0.21,0.05,0.71,0.17,0.02,2.222,0.342,4.0,0.8
Michael Kopech,25,12,MLB-AL,Chicago,14,3,2.0,,,31.1,20,6,6,11,45,3,0,1.72,114,2,1,1,0,0,4,0,0,125,522,0.64,0.18,0.13,0.38,0.2,0.17,0.989,0.258,12.9,4.09
Dean Kremer,25,13,MLB-AL,Baltimore,9,9,,5.0,,38.0,47,29,29,16,37,11,0,6.87,156,10,0,0,0,2,0,0,0,174,720,0.61,0.16,0.09,0.28,0.28,0.15,1.658,0.327,8.8,2.31
Brooks Kriske,27,2,MLB-AL,New York,3,0,,,,3.0,2,1,1,2,3,1,0,3.0,11,0,0,0,0,0,0,0,0,13,43,0.58,0.12,0.12,0.5,0.13,0.13,1.333,0.143,9.0,1.5
Chad Kuhl,28,1,MLB-NL,Pittsburgh,6,6,,3.0,,25.2,21,20,16,17,21,5,4,5.61,92,7,0,0,0,4,2,1,1,118,481,0.57,0.19,0.1,0.43,0.2,0.04,1.481,0.229,7.4,1.24
Brady Lail,27,20,MLB-AL,Seattle,2,0,,,,2.0,4,3,3,0,1,1,0,13.5,10,1,0,0,0,0,1,0,0,10,28,0.75,0.21,0.14,0.44,0.0,0.11,2.0,0.375,4.5,
Travis Lakins,27,2,MLB-AL,Baltimore,18,0,1.0,4.0,,18.0,15,14,12,12,17,3,0,6.0,68,2,0,0,1,0,1,1,0,80,349,0.61,0.17,0.1,0.43,0.22,0.02,1.5,0.25,8.5,1.42
Jimmy Lambert,26,7,MLB-AL,Chicago,1,1,,1.0,,3.2,7,3,3,1,4,1,0,7.36,18,0,0,0,0,0,1,0,0,19,74,0.58,0.12,0.07,0.14,0.29,0.21,2.182,0.462,9.8,4.0
Dinelson Lamet,28,5,MLB-NL,San Diego,7,5,1.0,,,18.0,19,6,5,7,21,1,0,2.5,70,6,0,0,0,1,3,0,0,78,302,0.65,0.16,0.16,0.44,0.3,0.08,1.444,0.367,10.5,3.0
Alex Lange,25,22,MLB-AL,Detroit,15,0,,1.0,,13.1,19,13,11,4,16,5,0,7.43,59,2,0,0,0,0,2,0,0,63,240,0.66,0.16,0.13,0.47,0.33,0.05,1.725,0.368,10.8,4.0
Eric Lauer,26,6,MLB-NL,Milwaukee,6,4,1.0,2.0,,24.0,28,17,13,5,27,8,0,4.88,96,2,0,0,0,1,1,0,3,104,390,0.65,0.16,0.12,0.46,0.25,0.01,1.375,0.323,10.1,5.4
Derek Law,30,21,MLB-AL,Minnesota,5,0,,,,6.1,11,6,6,6,9,2,0,8.53,29,1,1,0,0,0,0,0,0,35,149,0.61,0.15,0.15,0.35,0.35,0.0,2.684,0.5,12.8,1.5
Justin Lawrence,26,19,MLB-NL,Colorado,7,0,,,,5.1,9,5,5,4,6,0,0,8.44,22,4,0,0,0,2,1,0,0,28,109,0.54,0.19,0.08,0.44,0.33,0.06,2.438,0.5,10.1,1.5
Wade LeBlanc,36,44,MLB-AL,Baltimore,6,1,,1.0,,6.2,11,7,7,1,6,1,1,9.45,31,3,0,0,0,0,0,0,0,33,123,0.65,0.17,0.11,0.4,0.28,0.04,1.8,0.417,8.1,6.0
Sandy Leon,32,3,MLB-NL,Miami,1,0,,,,1.0,0,0,0,0,0,0,0,0.0,3,0,0,0,0,0,0,0,0,3,11,0.64,0.09,0.09,0.33,0.0,0.0,0.0,0.0,0.0,
Dominic Leone,29,1,MLB-NL,San Francisco,3,0,,,,3.2,3,2,2,2,4,1,0,4.91,14,0,0,0,0,0,0,0,0,16,64,0.66,0.17,0.14,0.6,0.1,0.0,1.364,0.222,9.8,2.0
Jon Lester,37,5,MLB-NL,Washington,7,7,,2.0,,35.0,38,17,17,12,25,5,0,4.37,134,8,0,2,0,1,3,3,0,148,568,0.65,0.14,0.11,0.39,0.28,0.07,1.429,0.314,6.4,2.08
Josh Lindblom,34,13,MLB-NL,Milwaukee,8,0,,,,16.2,23,18,18,10,17,5,3,9.72,71,5,2,0,0,1,1,0,0,85,343,0.59,0.17,0.09,0.27,0.25,0.13,1.98,0.36,9.2,1.7
Zack Littell,25,1,MLB-NL,San Francisco,18,0,,,,16.1,11,4,3,5,14,2,1,1.65,58,5,0,0,0,0,0,0,0,64,226,0.66,0.14,0.13,0.64,0.09,0.02,0.98,0.214,7.7,2.8
Jonathan Loaisiga,26,2,MLB-AL,New York,24,0,4.0,2.0,2.0,30.1,25,9,7,8,26,2,2,2.08,107,2,1,0,1,1,2,0,0,120,463,0.67,0.13,0.14,0.64,0.14,0.07,1.088,0.288,7.7,3.25
Jorge Lopez,28,1,MLB-AL,Baltimore,12,12,2.0,6.0,,56.0,55,34,33,25,54,10,5,5.3,214,9,0,1,0,1,1,2,0,246,941,0.63,0.18,0.09,0.5,0.27,0.04,1.429,0.298,8.7,2.16
Pablo Lopez,25,5,MLB-NL,Miami,12,12,1.0,3.0,,67.0,58,23,21,19,68,7,2,2.82,248,14,2,1,0,2,1,1,0,272,1078,0.67,0.16,0.11,0.48,0.26,0.07,1.149,0.291,9.1,3.58
Yoan López,28,20,MLB-NL,Arizona,13,0,,,,12.1,18,10,9,6,13,3,0,6.57,54,4,1,2,0,1,2,0,0,61,215,0.6,0.13,0.13,0.45,0.21,0.07,1.946,0.385,9.5,2.17
Aaron Loup,33,4,MLB-NL,New York,19,0,1.0,,,15.0,15,7,4,2,17,0,1,2.4,54,3,1,0,1,3,0,0,0,60,226,0.69,0.16,0.14,0.5,0.38,0.03,1.133,0.375,10.2,8.5
Zac Lowther,25,1,MLB-AL,Baltimore,3,1,,1.0,,5.1,11,9,9,2,7,2,0,15.19,27,2,0,0,0,0,0,0,0,29,117,0.64,0.16,0.14,0.45,0.35,0.0,2.438,0.5,11.8,3.5
Joey Lucchesi,28,3,MLB-NL,New York,9,6,1.0,4.0,,28.0,26,19,18,8,30,3,2,5.79,103,8,2,0,0,2,2,1,2,118,484,0.63,0.18,0.1,0.44,0.18,0.06,1.214,0.319,9.6,3.75
Lucas Luetge,34,1,MLB-AL,New York,21,0,2.0,,,29.2,24,12,10,4,30,4,0,3.03,112,6,0,0,0,0,0,0,0,116,446,0.63,0.1,0.15,0.44,0.21,0.11,0.944,0.256,9.1,7.5
Seth Lugo,31,2,MLB-NL,New York,2,0,,,,3.0,4,1,1,0,4,0,0,3.0,12,1,0,0,0,0,0,0,0,12,50,0.64,0.22,0.12,0.38,0.5,0.13,1.333,0.5,12.0,
Jesus Luzardo,23,2,MLB-AL,Oakland,9,6,2.0,3.0,,34.0,39,23,20,13,39,6,0,5.29,137,6,0,0,0,1,0,1,1,151,568,0.62,0.17,0.14,0.43,0.2,0.07,1.529,0.355,10.3,3.0
Jordan Lyles,30,5,MLB-AL,Texas,12,12,2.0,4.0,,61.0,72,39,39,21,54,11,1,5.75,243,13,2,0,0,4,7,1,0,270,1001,0.64,0.16,0.11,0.38,0.26,0.07,1.525,0.335,8.0,2.57
Daniel Lynch,24,25,MLB-AL,Kansas City,3,3,,2.0,,8.0,18,15,14,5,7,1,0,15.75,38,6,1,0,0,2,0,0,0,46,174,0.67,0.16,0.11,0.35,0.41,0.03,2.875,0.531,7.9,1.4
Lance Lynn,34,4,MLB-AL,Chicago,10,10,7.0,1.0,,58.2,37,12,8,17,63,5,1,1.23,215,6,0,1,0,0,6,2,0,235,956,0.65,0.14,0.13,0.32,0.18,0.11,0.92,0.218,9.7,3.71
Luis Madero,24,27,MLB-NL,Miami,2,0,,,,3.0,6,5,5,1,1,1,0,15.0,15,2,2,0,0,0,1,0,0,16,62,0.6,0.21,0.08,0.14,0.14,0.29,2.333,0.385,3.0,1.0
Kenta Maeda,33,16,MLB-AL,Minnesota,9,9,2.0,2.0,,42.2,52,30,25,11,39,9,3,5.27,174,9,1,0,0,0,2,0,0,190,718,0.65,0.15,0.13,0.44,0.26,0.07,1.477,0.341,8.2,3.55
Tyler Mahle,26,2,MLB-NL,Cincinnati,12,12,5.0,2.0,,62.1,50,24,23,20,72,7,2,3.32,231,10,2,0,0,0,1,1,0,255,1089,0.64,0.19,0.11,0.43,0.2,0.06,1.123,0.283,10.4,3.6
Sean Manaea,29,5,MLB-AL,Oakland,12,12,4.0,2.0,,69.2,70,26,26,16,70,7,1,3.36,268,12,0,0,0,1,1,2,0,287,1088,0.67,0.16,0.13,0.43,0.27,0.07,1.234,0.328,9.0,4.38
Alek Manoah,23,5,MLB-AL,Toronto,2,2,1.0,,,9.1,6,4,4,5,12,3,1,3.86,34,0,0,0,0,0,0,0,0,40,162,0.68,0.16,0.12,0.41,0.14,0.09,1.179,0.158,11.6,2.4
Joe Mantiply,30,3,MLB-NL,Arizona,10,0,,1.0,,8.2,9,6,3,6,8,0,1,3.12,31,3,1,0,0,3,1,2,0,41,164,0.61,0.16,0.12,0.38,0.35,0.08,1.731,0.346,8.3,1.33
Dillon Maples,29,3,MLB-NL,Chicago,16,0,,,,21.0,9,6,5,13,29,2,3,2.14,69,1,0,0,0,2,5,1,0,87,352,0.59,0.2,0.11,0.5,0.24,0.05,1.048,0.175,12.4,2.23
Nick Margevicius,25,43,MLB-AL,Seattle,5,3,,2.0,,12.0,13,16,11,7,12,2,1,8.25,52,4,0,0,0,0,1,0,0,60,263,0.63,0.18,0.07,0.4,0.25,0.05,1.667,0.289,9.0,1.71
German Marquez,26,1,MLB-NL,Colorado,13,13,4.0,5.0,,71.1,62,32,31,34,75,6,0,3.91,264,13,1,2,0,0,3,1,2,304,1114,0.63,0.16,0.13,0.56,0.2,0.03,1.346,0.306,9.5,2.21
Evan Marshall,31,3,MLB-AL,Chicago,21,0,,2.0,,21.2,22,15,15,7,18,5,0,6.23,80,3,1,1,1,2,1,0,0,90,331,0.63,0.17,0.09,0.43,0.25,0.08,1.338,0.288,7.5,2.57
Brett Martin,26,1,MLB-AL,Texas,23,0,,2.0,,21.0,25,11,4,6,19,2,0,1.71,87,3,0,4,0,0,1,0,0,95,336,0.67,0.12,0.12,0.54,0.21,0.04,1.476,0.348,8.1,3.17
Chris Martin,35,1,MLB-NL,Atlanta,11,0,,1.0,,10.2,6,2,2,1,6,0,2,1.69,38,0,0,1,0,0,3,0,0,41,146,0.71,0.18,0.1,0.44,0.22,0.0,0.656,0.188,5.1,6.0
Corbin Martin,25,13,MLB-NL,Arizona,2,2,,2.0,,9.0,9,9,9,7,8,3,0,9.0,35,2,0,0,0,0,0,0,0,43,174,0.58,0.15,0.06,0.39,0.29,0.11,1.778,0.25,8.0,1.14
Carlos Martinez,29,5,MLB-NL,St. Louis,10,10,3.0,5.0,,54.0,47,36,35,20,31,3,8,5.83,202,13,1,1,0,2,3,0,1,233,827,0.64,0.16,0.08,0.51,0.2,0.06,1.241,0.259,5.2,1.55
Wyatt Mathisen,27,37,MLB-NL,Arizona,1,0,,,,1.0,1,0,0,0,0,0,0,0.0,4,0,0,0,0,0,0,0,0,4,10,0.7,0.1,0.0,0.25,0.5,0.0,1.0,0.25,0.0,
Phil Maton,28,3,MLB-AL,Cleveland,18,1,1.0,,,19.1,17,13,13,9,28,2,3,6.05,70,10,0,0,0,1,1,2,1,83,354,0.65,0.17,0.16,0.35,0.33,0.09,1.345,0.366,13.0,3.11
Isaac Mattson,25,31,MLB-AL,Baltimore,1,0,,,,0.2,1,1,1,1,0,0,0,13.5,3,1,0,0,0,0,0,0,0,4,18,0.61,0.22,0.06,0.0,0.33,0.0,3.0,0.333,0.0,0.0
Steven Matz,30,1,MLB-AL,Toronto,12,12,6.0,3.0,,64.0,69,34,32,19,67,9,4,4.5,255,12,1,0,0,0,0,0,0,278,1071,0.65,0.2,0.1,0.47,0.24,0.03,1.375,0.335,9.4,3.53
Tyler Matzek,30,2,MLB-NL,Atlanta,24,0,,2.0,,22.1,17,11,10,13,33,2,0,4.03,82,4,0,0,0,0,0,0,0,96,424,0.6,0.13,0.12,0.42,0.28,0.08,1.343,0.319,13.3,2.54
Dustin May,23,37,MLB-NL,Los Angeles,5,5,1.0,1.0,,23.0,16,8,7,6,35,4,1,2.74,86,2,0,0,0,0,2,1,0,93,369,0.66,0.2,0.14,0.57,0.22,0.02,0.957,0.255,13.7,5.83
Trevor May,31,1,MLB-NL,New York,23,0,2.0,2.0,1.0,21.0,23,12,9,6,27,3,0,3.86,85,3,1,1,0,0,1,0,0,91,380,0.66,0.12,0.15,0.43,0.29,0.02,1.381,0.364,11.6,4.5
Mike Mayers,29,1,MLB-AL,Los Angeles,28,0,1.0,3.0,2.0,26.2,30,14,14,13,38,6,1,4.73,109,7,0,0,0,0,1,1,0,123,507,0.62,0.14,0.14,0.38,0.23,0.1,1.613,0.369,12.8,2.92
Jack Mayfield,30,6,MLB-AL,Seattle,1,0,,,,0.1,0,0,0,0,0,0,0,0.0,1,0,0,0,0,0,0,0,0,1,3,0.67,0.33,0.0,1.0,0.0,0.0,0.0,0.0,0.0,
Tim Mayza,29,1,MLB-AL,Toronto,23,0,1.0,,,16.2,20,13,12,5,18,2,1,6.48,68,3,1,0,1,0,3,0,0,74,305,0.62,0.19,0.09,0.54,0.22,0.04,1.5,0.375,9.7,3.6
Chris Mazza,31,45,MLB-AL,Tampa Bay,6,0,,,,11.2,16,11,11,4,3,1,0,8.49,43,3,1,1,0,2,0,0,0,49,178,0.62,0.13,0.09,0.36,0.17,0.17,1.714,0.366,2.3,0.75
Shane McClanahan,24,5,MLB-AL,Tampa Bay,7,7,2.0,1.0,,30.2,29,14,14,9,38,4,0,4.11,116,6,0,0,0,0,1,1,0,125,486,0.67,0.15,0.18,0.46,0.27,0.08,1.239,0.338,11.2,4.22
Lance McCullers Jr.,27,16,MLB-AL,Houston,9,9,3.0,1.0,,51.2,34,17,17,26,59,5,4,2.96,184,6,0,0,0,0,0,3,0,214,888,0.6,0.2,0.12,0.54,0.2,0.05,1.161,0.242,10.3,2.27
Jake McGee,34,2,MLB-NL,San Francisco,26,0,1.0,1.0,12.0,24.2,19,14,11,5,31,5,1,4.01,94,2,0,0,0,0,0,0,0,100,369,0.73,0.17,0.11,0.3,0.24,0.13,0.973,0.241,11.3,6.2
Kyle McGowin,29,1,MLB-NL,Washington,13,0,,,,15.1,8,4,4,6,14,1,1,2.35,55,1,0,1,0,0,0,0,1,62,239,0.65,0.16,0.11,0.41,0.2,0.17,0.913,0.175,8.2,2.33
Collin McHugh,34,5,MLB-AL,Tampa Bay,13,3,,1.0,,18.1,20,9,7,7,28,1,1,3.44,71,2,2,1,0,0,0,0,0,80,350,0.66,0.2,0.12,0.41,0.27,0.07,1.473,0.452,13.7,4.0
Triston McKenzie,23,7,MLB-AL,Cleveland,10,9,1.0,3.0,,41.2,28,29,29,35,59,8,0,6.26,147,5,0,0,0,1,0,1,1,183,778,0.57,0.15,0.13,0.25,0.29,0.07,1.512,0.247,12.7,1.69
Alex McRae,28,24,MLB-AL,Chicago,2,0,,,,2.0,3,1,1,1,1,0,0,4.5,9,0,0,0,0,0,1,0,0,10,49,0.65,0.12,0.14,0.38,0.25,0.25,2.0,0.375,4.5,1.0
John Means,28,2,MLB-AL,Baltimore,12,12,4.0,2.0,,71.0,46,18,18,13,69,13,1,2.28,253,2,0,0,0,0,0,2,1,268,1058,0.67,0.15,0.14,0.31,0.23,0.15,0.831,0.193,8.7,5.31
Trevor Megill,27,39,MLB-NL,Chicago,2,0,,,,2.0,2,0,0,1,2,0,0,0.0,8,0,0,0,0,0,0,0,0,9,36,0.58,0.17,0.11,0.67,0.0,0.0,1.5,0.333,9.0,2.0
Jean Carlos Mejia,24,3,MLB-AL,Cleveland,4,1,1.0,,,8.0,2,0,0,2,9,0,0,0.0,25,1,0,0,0,0,0,0,0,27,127,0.63,0.17,0.12,0.63,0.19,0.0,0.5,0.125,10.1,4.5
Mark Melancon,36,3,MLB-NL,San Diego,25,0,1.0,,19.0,26.1,17,4,2,10,22,1,0,0.68,92,1,0,2,0,2,0,0,0,104,398,0.64,0.18,0.1,0.64,0.21,0.06,1.025,0.225,7.5,2.2
Danny Mendick,27,49,MLB-AL,Chicago,1,0,,,,1.0,1,0,0,0,1,0,1,0.0,4,0,0,0,0,0,0,0,0,5,15,0.8,0.2,0.2,0.67,0.0,0.0,1.0,0.333,9.0,
Conner Menez,26,1,MLB-NL,San Francisco,3,0,1.0,,,6.0,1,0,0,0,7,0,0,0.0,19,0,1,0,0,0,0,0,0,19,88,0.72,0.17,0.1,0.75,0.08,0.17,0.167,0.083,10.5,
Yermin Mercedes,28,49,MLB-AL,Chicago,1,0,,,,1.0,3,1,1,2,0,0,0,9.0,5,1,0,0,0,0,1,0,0,7,32,0.5,0.19,0.03,0.0,0.8,0.0,5.0,0.6,0.0,0.0
Julian Merryweather,29,55,MLB-AL,Toronto,4,0,,,2.0,4.1,1,0,0,1,7,0,0,0.0,13,0,0,0,0,0,0,0,0,14,55,0.71,0.24,0.15,0.17,0.33,0.17,0.462,0.167,14.5,7.0
Keynan Middleton,27,1,MLB-AL,Seattle,18,0,,,4.0,17.1,9,8,8,9,13,1,2,4.15,58,4,0,0,0,0,3,0,0,69,259,0.64,0.12,0.15,0.38,0.2,0.16,1.038,0.182,6.8,1.44
Miles Mikolas,32,16,MLB-NL,St. Louis,1,1,,,,4.0,3,1,1,1,3,0,1,2.25,15,0,0,0,0,0,0,0,0,17,59,0.73,0.25,0.05,0.58,0.0,0.25,1.0,0.25,6.8,3.0
Wade Miley,34,1,MLB-NL,Cincinnati,10,10,5.0,4.0,,54.2,46,18,18,16,48,3,0,2.96,210,11,1,0,0,0,0,0,1,227,907,0.62,0.16,0.1,0.59,0.23,0.04,1.134,0.27,7.9,3.0
Andrew Miller,36,1,MLB-NL,St. Louis,11,0,,,,10.2,15,7,7,5,10,2,2,5.91,44,5,0,1,0,0,0,0,0,51,179,0.68,0.22,0.09,0.44,0.15,0.06,1.875,0.406,8.4,2.0
Shelby Miller,30,47,MLB-NL,Chicago,3,0,,,,2.0,7,7,7,5,1,0,0,31.5,12,0,1,0,0,1,0,0,0,18,85,0.53,0.09,0.05,0.42,0.25,0.08,6.0,0.583,4.5,0.2
Alec Mills,29,23,MLB-NL,Chicago,12,1,2.0,,1.0,22.2,25,17,15,8,13,4,4,5.96,89,5,0,1,0,0,1,0,0,102,381,0.6,0.17,0.07,0.57,0.19,0.03,1.456,0.292,5.2,1.63
Wyatt Mills,26,12,MLB-AL,Seattle,8,0,,,,8.1,13,10,10,6,8,1,1,10.8,36,2,1,0,0,1,0,0,0,44,164,0.6,0.18,0.09,0.59,0.28,0.0,2.28,0.429,8.6,1.33
Hoby Milner,30,2,MLB-NL,Milwaukee,2,0,,,,3.0,4,1,1,0,4,1,1,3.0,12,0,0,0,0,0,0,0,0,13,49,0.76,0.22,0.1,0.13,0.5,0.13,1.333,0.429,12.0,
Tommy Milone,34,37,MLB-AL,Toronto,6,1,1.0,,1.0,14.0,20,10,10,3,17,3,0,6.43,62,5,1,0,0,0,0,0,0,65,241,0.64,0.16,0.12,0.4,0.31,0.04,1.643,0.405,10.9,5.67
Juan Minaya,30,3,MLB-AL,Minnesota,4,0,,,,6.1,5,3,3,3,4,2,1,4.26,23,1,0,0,0,0,0,0,0,27,88,0.58,0.13,0.11,0.63,0.11,0.05,1.263,0.176,5.7,1.33
Mike Minor,33,2,MLB-AL,Kansas City,12,12,4.0,3.0,,67.0,58,37,36,23,73,11,2,4.84,254,13,1,0,0,1,2,2,1,280,1140,0.64,0.17,0.11,0.4,0.23,0.1,1.209,0.275,9.8,3.17
A.J. Minter,27,1,MLB-NL,Atlanta,26,0,1.0,2.0,,22.2,16,14,10,10,25,1,1,3.97,84,6,0,0,0,1,3,1,1,97,385,0.65,0.18,0.13,0.45,0.17,0.13,1.147,0.254,9.9,2.5
Anthony Misiewicz,26,2,MLB-AL,Seattle,26,0,2.0,3.0,,21.1,25,12,12,8,23,3,1,5.06,84,5,0,2,1,0,0,0,0,94,376,0.66,0.14,0.14,0.53,0.21,0.05,1.547,0.379,9.7,2.88
Casey Mize,24,4,MLB-AL,Detroit,11,11,3.0,4.0,,64.2,49,24,24,20,53,10,6,3.34,232,7,1,0,0,1,0,1,0,260,996,0.63,0.17,0.1,0.51,0.19,0.06,1.067,0.229,7.4,2.65
Frankie Montas,28,3,MLB-AL,Oakland,12,12,6.0,5.0,,63.2,72,36,32,18,65,11,1,4.52,264,15,2,0,0,1,1,1,0,284,1107,0.68,0.14,0.12,0.39,0.27,0.05,1.414,0.323,9.2,3.61
Rafael Montero,30,1,MLB-AL,Seattle,26,0,3.0,2.0,7.0,26.1,27,17,14,8,23,2,4,4.78,104,7,0,1,0,1,3,0,0,117,452,0.63,0.15,0.11,0.61,0.16,0.05,1.329,0.313,7.9,2.88
Jordan Montgomery,28,5,MLB-AL,New York,11,11,3.0,1.0,,59.2,52,28,26,15,59,7,2,3.92,222,12,0,0,0,2,4,1,1,242,908,0.66,0.17,0.12,0.42,0.25,0.07,1.123,0.285,8.9,3.93
Matt Moore,32,18,MLB-NL,Philadelphia,9,3,,1.0,,18.1,24,17,15,11,17,5,0,7.36,75,7,0,1,0,1,0,0,1,89,346,0.66,0.14,0.08,0.43,0.18,0.03,1.909,0.352,8.3,1.55
Adrián Morejón,22,57,MLB-NL,San Diego,2,2,,,,4.2,5,2,2,2,3,2,0,3.86,18,0,0,0,0,0,0,0,0,20,80,0.64,0.15,0.15,0.53,0.27,0.0,1.5,0.231,5.8,1.5
Eli Morgan,25,10,MLB-AL,Cleveland,1,1,,1.0,,2.2,8,6,6,2,1,1,0,20.25,14,3,0,0,0,0,0,0,0,17,65,0.54,0.11,0.09,0.36,0.29,0.0,3.75,0.583,3.4,0.5
Shawn Morimando,28,14,MLB-NL,Miami,1,0,,,,0.2,4,4,4,1,0,1,0,54.0,6,2,0,0,0,0,0,0,0,7,22,0.55,0.05,0.09,0.5,0.17,0.0,7.5,0.6,0.0,0.0
Reyes Moronta,28,58,MLB-NL,San Francisco,4,0,,,,4.0,1,1,1,0,2,1,0,2.25,13,0,0,0,0,0,0,0,0,13,48,0.58,0.15,0.06,0.55,0.09,0.18,0.25,0.0,4.5,
Charlie Morton,37,2,MLB-NL,Atlanta,12,12,5.0,2.0,,62.0,56,37,29,22,72,7,6,4.21,235,4,1,1,0,1,1,0,2,265,1038,0.65,0.19,0.12,0.5,0.28,0.07,1.258,0.312,10.5,3.27
Joe Musgrove,28,2,MLB-NL,San Diego,12,11,4.0,5.0,,65.2,42,19,17,13,89,8,7,2.33,238,8,2,1,0,1,2,0,0,260,1047,0.66,0.18,0.15,0.48,0.22,0.07,0.838,0.239,12.2,6.85
Tommy Nance,30,2,MLB-NL,Chicago,10,0,,,,8.1,2,0,0,4,9,0,0,0.0,27,0,0,0,0,0,0,1,0,31,123,0.67,0.24,0.09,0.67,0.17,0.11,0.72,0.111,9.7,2.25
Nick Neidert,24,12,MLB-NL,Miami,4,4,,1.0,,16.0,17,10,10,13,11,3,2,5.63,60,4,0,0,0,0,0,0,0,76,309,0.62,0.15,0.07,0.36,0.22,0.12,1.875,0.304,6.2,0.85
Jimmy Nelson,32,3,MLB-NL,Los Angeles,17,1,1.0,1.0,,19.2,11,6,5,11,32,0,1,2.29,68,4,0,0,0,0,3,0,0,80,371,0.59,0.17,0.16,0.36,0.19,0.14,1.119,0.306,14.6,2.91
Kyle Nelson,24,1,MLB-AL,Cleveland,6,0,,,,6.0,6,5,5,4,5,0,0,7.5,24,1,0,0,0,0,0,0,0,28,103,0.64,0.18,0.1,0.42,0.26,0.05,1.667,0.316,7.5,1.25
Nick Nelson,25,4,MLB-AL,New York,8,1,,2.0,,12.0,14,14,13,9,20,0,2,9.75,49,7,1,0,0,1,1,0,0,61,255,0.6,0.14,0.16,0.37,0.5,0.03,1.917,0.467,15.0,2.22
Hector Neris,32,1,MLB-NL,Philadelphia,25,0,1.0,3.0,9.0,23.2,16,6,5,8,29,3,2,1.9,86,2,1,0,0,0,0,0,1,96,400,0.65,0.17,0.16,0.47,0.16,0.07,1.014,0.241,11.0,3.63
Jake Newberry,26,36,MLB-AL,Kansas City,4,0,,,,4.1,10,8,8,3,5,2,0,16.62,21,2,0,0,0,0,0,0,0,24,100,0.58,0.14,0.11,0.38,0.31,0.13,3.0,0.571,10.4,1.67
Sean Newcomb,28,3,MLB-NL,Atlanta,17,0,1.0,,1.0,14.2,13,11,11,11,23,1,2,6.75,56,4,0,0,0,0,0,1,0,69,336,0.59,0.14,0.11,0.33,0.24,0.12,1.636,0.375,14.1,2.09
Ljay Newsome,24,30,MLB-AL,Seattle,7,1,1.0,1.0,,14.2,20,14,13,3,16,5,0,7.98,63,5,0,1,0,1,3,0,1,69,274,0.69,0.14,0.12,0.33,0.31,0.04,1.568,0.349,9.8,5.33
Aaron Nola,28,6,MLB-NL,Philadelphia,12,12,4.0,4.0,,70.1,67,31,30,15,78,8,4,3.84,271,13,1,1,0,1,4,1,0,292,1122,0.67,0.18,0.13,0.43,0.23,0.07,1.166,0.317,10.0,5.2
Daniel Norris,28,1,MLB-AL,Detroit,21,0,,1.0,,21.0,20,13,13,8,24,4,1,5.57,77,3,0,0,1,0,0,1,0,86,337,0.6,0.16,0.13,0.43,0.32,0.06,1.333,0.327,10.3,3.0
Aaron Northcraft,31,9,MLB-NL,San Diego,5,0,1.0,,,8.0,5,2,2,8,5,1,0,2.25,26,1,0,0,0,0,0,0,0,34,129,0.57,0.13,0.1,0.57,0.19,0.05,1.625,0.2,5.6,0.63
Darren O'Day,38,39,MLB-AL,New York,10,0,,,,9.0,8,3,3,2,9,1,1,3.0,35,1,0,0,0,0,0,0,0,38,155,0.66,0.15,0.14,0.23,0.31,0.15,1.111,0.28,9.0,4.5
Bailey Ober,25,1,MLB-AL,Minnesota,2,2,,,,8.0,10,5,5,1,8,2,1,5.63,33,2,1,0,0,0,0,0,0,35,133,0.7,0.17,0.11,0.24,0.36,0.08,1.375,0.348,9.0,8.0
Jake Odorizzi,31,4,MLB-AL,Houston,5,5,,3.0,,16.1,17,13,13,7,17,4,0,7.16,65,2,1,0,0,0,0,1,0,72,337,0.62,0.14,0.1,0.29,0.33,0.13,1.469,0.295,9.4,2.43
Shohei Ohtani,26,3,MLB-AL,Los Angeles,8,8,2.0,1.0,,42.1,23,15,13,26,60,4,3,2.76,142,4,0,0,0,3,2,2,1,176,660,0.59,0.17,0.14,0.49,0.28,0.07,1.157,0.235,12.8,2.31
Adam Ottavino,35,1,MLB-AL,Boston,27,0,2.0,2.0,2.0,23.2,13,9,7,17,28,0,2,2.66,84,4,0,0,0,0,7,0,0,103,434,0.59,0.22,0.1,0.46,0.23,0.09,1.268,0.232,10.6,1.65
Johan Oviedo,23,2,MLB-NL,St. Louis,6,5,,2.0,,24.0,20,15,14,17,20,4,2,5.25,89,5,0,1,0,1,0,0,0,110,423,0.59,0.14,0.13,0.55,0.15,0.03,1.542,0.242,7.5,1.18
Luis Oviedo,22,1,MLB-NL,Pittsburgh,12,0,1.0,1.0,,18.2,21,16,15,12,19,3,0,7.23,73,6,0,1,0,2,4,0,0,87,334,0.57,0.15,0.1,0.36,0.34,0.02,1.768,0.34,9.2,1.58
Chris Paddack,25,1,MLB-NL,San Diego,11,11,2.0,5.0,,52.2,49,30,25,13,48,8,0,4.27,203,11,3,0,0,0,4,1,0,218,916,0.64,0.17,0.12,0.44,0.24,0.04,1.177,0.279,8.2,3.69
Emilio Pagan,30,4,MLB-NL,San Diego,25,0,3.0,,,23.0,16,7,7,9,29,4,1,2.74,84,3,1,0,0,0,1,1,1,94,435,0.65,0.14,0.15,0.22,0.22,0.15,1.087,0.235,11.3,3.22
Enoli Paredes,25,2,MLB-AL,Houston,10,0,,,,8.0,7,8,4,14,13,0,1,4.5,31,2,0,0,0,1,1,0,0,47,217,0.52,0.17,0.08,0.4,0.25,0.15,2.625,0.368,14.6,0.93
Blake Parker,36,2,MLB-AL,Cleveland,1,0,,,,0.2,2,0,0,0,1,0,1,0.0,4,0,0,0,0,0,0,0,0,5,19,0.58,0.0,0.16,0.0,0.33,0.33,3.0,0.667,13.5,
Luis Patino,21,20,MLB-AL,Tampa Bay,5,3,1.0,1.0,,15.0,12,7,6,4,19,2,2,3.6,56,1,0,0,0,0,0,0,0,62,288,0.62,0.14,0.11,0.27,0.32,0.16,1.067,0.286,11.4,4.75
James Paxton,32,62,MLB-AL,Seattle,1,1,,,,1.1,0,1,1,1,2,0,0,6.75,4,0,0,0,0,0,0,0,0,5,21,0.62,0.1,0.1,0.5,0.0,0.5,0.75,0.0,13.5,2.0
Joel Payamps,27,1,MLB-AL,Toronto,18,0,,2.0,,24.1,20,9,8,9,15,3,1,2.96,88,2,0,2,0,0,0,0,0,98,377,0.61,0.15,0.11,0.47,0.16,0.11,1.192,0.243,5.5,1.67
Matt Peacock,27,3,MLB-NL,Arizona,12,4,2.0,2.0,,32.2,32,20,17,7,23,6,0,4.68,126,5,0,1,0,2,0,0,0,135,482,0.62,0.18,0.07,0.62,0.2,0.02,1.194,0.263,6.3,3.29
Nate Pearson,24,29,MLB-AL,Toronto,1,1,,1.0,,2.1,4,3,3,5,0,0,0,11.57,11,0,1,0,0,0,0,0,0,16,64,0.44,0.19,0.02,0.36,0.09,0.09,3.857,0.364,0.0,0.0
Felix Pena,31,30,MLB-AL,Los Angeles,2,0,,,,1.2,7,7,7,4,2,0,0,37.8,12,2,0,0,0,0,0,0,0,16,65,0.54,0.08,0.18,0.2,0.4,0.1,6.6,0.7,10.8,0.5
David Peralta,33,24,MLB-NL,Arizona,1,0,,,,1.0,4,3,3,0,1,1,1,27.0,8,1,0,0,0,0,0,0,0,9,28,0.68,0.18,0.07,0.29,0.43,0.0,4.0,0.5,9.0,
Freddy Peralta,25,3,MLB-NL,Milwaukee,12,11,6.0,1.0,,64.0,29,16,16,27,92,6,3,2.25,218,8,1,0,0,0,3,1,0,249,1066,0.61,0.17,0.16,0.35,0.2,0.12,0.875,0.192,12.9,3.41
Wandy Peralta,29,1,"MLB-AL,MLB-NL","New York,San Francisco",25,0,3.0,1.0,2.0,19.0,17,10,10,8,16,3,0,4.74,69,1,1,0,0,2,0,0,0,79,303,0.64,0.16,0.15,0.51,0.27,0.04,1.316,0.269,7.6,2.0
Angel Perdomo,27,14,MLB-NL,Milwaukee,13,0,1.0,,,12.2,8,10,10,12,19,3,2,7.11,43,2,0,1,0,1,2,2,2,58,260,0.57,0.18,0.12,0.44,0.12,0.04,1.579,0.227,13.5,1.58
Cionel Pérez,25,6,MLB-NL,Cincinnati,18,0,1.0,2.0,,17.1,17,18,16,18,13,3,0,8.31,65,2,1,1,0,1,1,2,1,84,344,0.52,0.14,0.11,0.55,0.13,0.06,2.019,0.28,6.8,0.72
Hernan Perez,30,49,MLB-NL,Washington,2,0,,,,2.0,1,0,0,0,2,0,0,0.0,7,0,1,0,0,0,0,0,0,7,16,0.69,0.0,0.19,0.2,0.2,0.2,0.5,0.2,9.0,
Martin Perez,30,4,MLB-AL,Boston,11,11,4.0,2.0,,58.1,54,22,20,18,52,4,6,3.09,220,9,0,0,0,2,1,2,0,246,897,0.64,0.2,0.08,0.43,0.28,0.08,1.234,0.301,8.0,2.89
Oliver Perez,39,46,MLB-AL,Cleveland,5,0,,1.0,,3.2,5,1,0,1,4,0,0,0.0,17,0,0,1,0,0,0,0,0,18,56,0.73,0.23,0.11,0.62,0.15,0.08,1.636,0.385,9.8,4.0
David Peterson,25,5,MLB-NL,New York,10,10,1.0,4.0,,44.1,42,32,29,20,49,9,3,5.89,167,8,1,0,0,0,0,2,1,191,734,0.63,0.18,0.12,0.52,0.23,0.04,1.398,0.303,9.9,2.45
Yusmeiro Petit,36,1,MLB-AL,Oakland,29,0,7.0,,1.0,31.2,29,11,11,5,21,1,1,3.13,118,4,2,0,0,1,2,0,0,126,453,0.66,0.14,0.12,0.37,0.23,0.15,1.074,0.289,6.0,4.2
David Phelps,34,36,MLB-AL,Toronto,11,1,,,,10.1,8,2,1,4,15,0,1,0.87,37,1,0,0,0,0,0,0,0,42,189,0.59,0.19,0.11,0.41,0.27,0.14,1.161,0.364,13.1,3.75
Michael Pineda,32,6,MLB-AL,Minnesota,9,9,3.0,3.0,,47.2,39,20,18,12,48,9,0,3.4,178,6,1,0,0,1,1,3,1,192,742,0.68,0.19,0.12,0.4,0.2,0.09,1.07,0.246,9.1,4.0
Nick Pivetta,28,5,MLB-AL,Boston,11,11,6.0,1.0,,59.2,45,26,25,28,68,4,2,3.77,215,15,2,0,0,2,1,0,1,248,1058,0.65,0.16,0.11,0.37,0.26,0.07,1.223,0.283,10.3,2.43
Zach Plesac,26,15,MLB-AL,Cleveland,10,10,4.0,3.0,,58.2,48,29,27,12,38,9,1,4.14,220,7,1,1,0,1,1,1,2,235,881,0.68,0.17,0.12,0.52,0.19,0.06,1.023,0.224,5.8,3.17
Adam Plutko,29,2,MLB-AL,Baltimore,22,1,1.0,2.0,,29.1,30,20,15,12,23,7,2,4.6,112,6,0,0,1,1,0,0,0,128,502,0.6,0.11,0.12,0.4,0.18,0.11,1.432,0.277,7.1,1.92
Drew Pomeranz,32,29,MLB-NL,San Diego,14,0,,,,13.2,9,3,3,7,20,1,0,1.98,48,2,1,1,0,1,2,0,0,56,239,0.63,0.2,0.15,0.31,0.41,0.0,1.171,0.286,13.2,2.86
Daniel Ponce de Leon,29,2,MLB-NL,St. Louis,13,2,1.0,1.0,2.0,20.2,22,17,16,12,15,3,5,6.97,82,8,0,1,0,1,0,0,1,100,403,0.61,0.12,0.09,0.35,0.18,0.1,1.645,0.292,6.5,1.25
Cody Ponce,27,13,MLB-NL,Pittsburgh,1,1,,1.0,,5.0,9,4,4,1,2,2,0,7.2,22,1,0,0,0,0,0,0,0,23,87,0.71,0.22,0.07,0.45,0.15,0.05,2.0,0.389,3.6,2.0
Zach Pop,24,3,MLB-NL,Miami,17,0,,,,18.2,17,14,14,6,23,3,4,6.75,72,4,0,0,0,0,0,0,0,82,331,0.62,0.18,0.15,0.53,0.16,0.04,1.232,0.304,11.1,3.83
Sean Poppen,27,37,MLB-NL,Pittsburgh,3,0,,,,4.2,11,7,4,2,4,1,1,7.71,23,1,1,0,0,0,0,0,0,26,101,0.65,0.22,0.11,0.42,0.42,0.05,2.786,0.556,7.7,2.0
Cody Poteet,26,3,MLB-NL,Miami,5,5,2.0,2.0,,24.0,16,10,10,8,21,3,0,3.75,87,5,0,0,0,0,2,0,0,95,391,0.65,0.15,0.12,0.39,0.18,0.15,1.0,0.206,7.9,2.63
Ryan Pressly,32,1,MLB-AL,Houston,23,0,2.0,1.0,9.0,25.0,21,8,6,5,25,1,0,2.16,93,3,0,1,0,0,2,0,0,98,380,0.7,0.18,0.12,0.57,0.22,0.07,1.04,0.299,9.0,5.0
David Price,35,1,MLB-NL,Los Angeles,13,3,1.0,,1.0,18.1,24,10,9,7,22,3,0,4.42,76,4,0,1,0,1,0,0,0,84,307,0.68,0.19,0.12,0.56,0.24,0.05,1.691,0.404,10.8,3.14
A.J. Puk,26,63,MLB-AL,Oakland,1,0,,,,3.1,1,0,0,3,4,0,0,0.0,11,0,0,0,0,0,0,0,0,14,65,0.54,0.18,0.09,0.57,0.14,0.0,1.2,0.143,10.8,1.33
Cal Quantrill,26,1,MLB-AL,Cleveland,19,2,,2.0,,31.2,33,14,12,11,26,3,3,3.41,119,4,0,0,0,2,0,0,0,137,519,0.61,0.13,0.11,0.48,0.26,0.05,1.389,0.326,7.4,2.36
Jose Quijada,25,7,MLB-AL,Los Angeles,2,0,,,,3.1,1,0,0,3,5,0,0,0.0,11,1,0,1,0,0,0,0,0,14,53,0.6,0.15,0.13,0.33,0.0,0.17,1.2,0.167,13.5,1.67
Jose Quintana,32,8,MLB-AL,Los Angeles,9,9,,3.0,,33.2,39,31,27,26,50,5,0,7.22,138,9,0,0,0,2,2,1,1,166,709,0.59,0.15,0.13,0.41,0.33,0.08,1.931,0.4,13.4,1.92
Tanner Rainey,28,1,MLB-NL,Washington,20,0,,2.0,,15.1,18,19,18,14,21,4,1,10.57,63,4,1,1,0,1,1,0,0,79,342,0.59,0.14,0.16,0.09,0.33,0.12,2.087,0.359,12.3,1.5
Brooks Raley,33,1,MLB-AL,Houston,27,0,2.0,3.0,1.0,23.1,22,20,17,8,31,2,1,6.56,93,3,0,0,0,0,2,0,0,102,412,0.63,0.15,0.14,0.44,0.31,0.03,1.286,0.333,12.0,3.88
Nick Ramirez,31,10,MLB-NL,San Diego,7,0,,1.0,,10.2,12,7,6,4,7,2,0,5.06,42,2,0,2,0,1,0,0,0,47,160,0.63,0.14,0.11,0.44,0.22,0.03,1.5,0.294,5.9,1.75
Noe Ramirez,31,23,MLB-AL,Los Angeles,2,0,,,,3.1,5,2,2,1,0,1,0,5.4,14,2,0,0,0,0,0,0,0,15,47,0.68,0.21,0.02,0.36,0.29,0.0,1.8,0.308,0.0,0.0
Yohan Ramirez,26,12,MLB-AL,Seattle,2,0,,,,4.0,2,3,3,2,4,1,0,6.75,13,0,0,0,0,0,0,0,0,15,59,0.54,0.12,0.12,0.33,0.11,0.11,1.0,0.125,9.0,2.0
Drew Rasmussen,25,23,MLB-NL,Milwaukee,15,0,,1.0,1.0,17.0,13,11,8,12,25,2,0,4.24,65,2,1,2,0,0,1,0,1,77,348,0.59,0.19,0.11,0.33,0.35,0.03,1.471,0.289,13.2,2.08
Robbie Ray,29,6,MLB-AL,Toronto,10,10,3.0,2.0,,58.0,52,24,23,14,69,14,2,3.57,221,10,1,0,0,1,8,1,1,238,956,0.66,0.14,0.16,0.44,0.23,0.07,1.138,0.273,10.7,4.93
Cody Reed,28,20,MLB-AL,Tampa Bay,12,0,,1.0,,9.2,8,5,4,6,7,1,1,3.72,34,1,0,0,0,0,2,0,0,42,148,0.55,0.16,0.09,0.5,0.32,0.0,1.448,0.269,6.5,1.17
Sean Reid-Foley,25,9,MLB-NL,New York,6,0,1.0,,,13.2,11,3,3,4,20,0,0,1.98,50,3,0,1,0,0,0,0,0,54,220,0.64,0.16,0.15,0.4,0.33,0.07,1.098,0.367,13.2,5.0
Alex Reyes,26,1,MLB-NL,St. Louis,28,0,3.0,2.0,16.0,30.0,15,4,3,27,42,2,0,0.9,104,2,0,1,0,0,4,0,1,131,552,0.56,0.15,0.13,0.34,0.23,0.06,1.4,0.217,12.6,1.56
Garrett Richards,33,1,MLB-AL,Boston,12,12,4.0,4.0,,65.0,67,30,28,32,58,5,1,3.88,247,17,0,0,0,2,5,1,1,282,1084,0.62,0.15,0.1,0.5,0.23,0.07,1.523,0.333,8.0,1.81
Trevor Richards,28,3,"MLB-AL,MLB-NL","Tampa Bay,Milwaukee",11,0,,,1.0,18.2,16,10,10,3,21,4,0,4.82,70,3,1,0,0,0,0,0,0,74,295,0.65,0.17,0.13,0.22,0.32,0.14,1.018,0.267,10.1,7.0
Yacksel Rios,28,2,MLB-AL,Seattle,1,0,,,,1.0,1,1,1,0,1,0,0,9.0,4,1,0,0,0,0,0,0,0,4,13,0.69,0.23,0.08,0.33,0.67,0.0,1.0,0.333,9.0,
Anthony Rizzo,31,40,MLB-NL,Chicago,1,0,,,,0.2,0,0,0,1,1,0,0,0.0,2,0,0,0,0,0,0,0,0,3,15,0.47,0.27,0.07,1.0,0.0,0.0,1.5,0.0,13.5,1.0
Tanner Roark,34,50,MLB-AL,Toronto,3,1,,1.0,,7.0,7,7,5,2,5,3,0,6.43,29,1,0,0,0,0,4,0,0,31,131,0.61,0.16,0.07,0.38,0.29,0.04,1.286,0.19,6.4,2.5
Daniel Robertson,27,45,MLB-NL,Milwaukee,1,0,,,,1.0,1,0,0,0,0,0,0,0.0,4,1,0,0,0,0,0,0,0,4,10,0.7,0.2,0.1,0.5,0.25,0.25,1.0,0.25,0.0,
Hansel Robles,30,1,MLB-AL,Minnesota,27,0,1.0,2.0,5.0,26.2,17,12,9,17,28,1,1,3.04,94,8,0,1,0,0,5,1,0,112,472,0.63,0.16,0.11,0.45,0.23,0.06,1.275,0.246,9.5,1.65
Carlos Rodon,28,7,MLB-AL,Chicago,9,9,5.0,2.0,,54.2,32,13,12,13,80,6,5,1.98,195,5,0,1,0,0,8,0,1,215,891,0.67,0.14,0.17,0.44,0.22,0.1,0.823,0.239,13.2,6.15
Chris Rodriguez,22,33,MLB-AL,Los Angeles,8,0,2.0,,,15.2,9,4,4,8,17,0,3,2.3,54,2,0,0,0,0,0,1,1,65,247,0.6,0.2,0.11,0.68,0.11,0.0,1.085,0.243,9.8,2.13
Eduardo Rodriguez,28,2,MLB-AL,Boston,11,11,5.0,4.0,,58.0,68,36,36,14,65,9,1,5.59,232,18,0,0,0,2,2,1,0,249,975,0.66,0.18,0.1,0.45,0.27,0.07,1.414,0.369,10.1,4.64
Joely Rodriguez,29,2,MLB-AL,Texas,17,0,1.0,2.0,,15.1,19,11,11,3,17,2,0,6.46,63,3,0,1,0,2,0,0,0,70,270,0.69,0.18,0.13,0.63,0.29,0.0,1.435,0.37,10.0,5.67
Nivaldo Rodriguez,24,7,MLB-AL,Houston,2,0,,,,5.0,4,2,2,2,3,2,0,3.6,18,1,0,0,0,0,0,0,0,20,71,0.54,0.1,0.07,0.6,0.07,0.07,1.2,0.154,5.4,1.5
Richard Rodriguez,31,2,MLB-NL,Pittsburgh,23,0,3.0,1.0,7.0,24.1,14,5,5,3,19,0,0,1.85,86,4,0,0,0,0,0,0,0,89,355,0.68,0.17,0.1,0.31,0.15,0.15,0.699,0.209,7.0,6.33
Chaz Roe,34,66,MLB-AL,Tampa Bay,1,0,,,,0.2,1,2,2,1,2,0,0,27.0,3,0,1,0,0,0,0,0,0,4,23,0.57,0.17,0.13,0.0,0.0,0.0,3.0,1.0,27.0,2.0
Taylor Rogers,30,1,MLB-AL,Minnesota,22,0,2.0,2.0,5.0,24.1,22,9,7,5,34,3,0,2.59,90,5,0,2,0,2,0,0,0,98,373,0.73,0.21,0.13,0.51,0.27,0.03,1.11,0.345,12.6,6.8
Trevor Rogers,23,2,MLB-NL,Miami,12,12,6.0,3.0,,68.2,51,17,15,24,81,3,2,1.97,242,14,0,0,0,1,5,2,0,273,1042,0.66,0.16,0.15,0.42,0.25,0.06,1.092,0.302,10.6,3.38
Tyler Rogers,30,2,MLB-NL,San Francisco,29,0,1.0,,8.0,29.2,23,7,5,5,15,2,3,1.52,113,2,0,0,0,0,3,0,0,121,431,0.69,0.18,0.06,0.7,0.1,0.06,0.944,0.219,4.6,3.0
Jordan Romano,28,6,MLB-AL,Toronto,21,0,3.0,1.0,3.0,19.2,11,6,4,11,26,0,0,1.83,70,3,0,0,0,0,4,0,0,81,350,0.59,0.17,0.15,0.55,0.14,0.09,1.119,0.25,11.9,2.36
Sal Romano,27,25,MLB-NL,Cincinnati,14,0,,,,20.2,20,14,12,9,12,4,0,5.23,82,1,1,2,1,0,1,0,0,91,336,0.6,0.18,0.05,0.41,0.19,0.07,1.403,0.242,5.2,1.33
JoJo Romero,24,33,MLB-NL,Philadelphia,11,0,,,,9.0,12,8,7,4,8,4,1,7.0,39,2,0,1,0,0,0,0,0,44,172,0.65,0.16,0.09,0.55,0.23,0.0,1.778,0.296,8.0,2.0
Sergio Romo,38,1,MLB-AL,Oakland,23,0,,,,20.0,22,13,13,8,18,1,2,5.85,80,5,1,2,0,1,4,0,0,91,336,0.64,0.22,0.11,0.33,0.29,0.14,1.5,0.339,8.1,2.25
Angel Rondon,23,1,MLB-NL,St. Louis,1,0,,,,1.0,1,0,0,0,1,0,0,0.0,4,0,0,0,0,0,0,0,0,4,22,0.68,0.14,0.05,0.0,0.33,0.33,1.0,0.333,9.0,
Joe Ross,28,2,MLB-NL,Washington,11,11,2.0,6.0,,54.1,49,35,29,24,51,11,5,4.8,204,5,0,3,0,2,2,1,0,237,913,0.64,0.18,0.11,0.44,0.21,0.04,1.344,0.264,8.4,2.13
Ramon Rosso,25,48,MLB-NL,Philadelphia,1,0,,,,1.1,1,0,0,0,0,0,0,0.0,4,0,0,0,0,0,0,0,0,4,14,0.57,0.21,0.0,0.5,0.5,0.0,0.75,0.25,0.0,
Ben Rowen,32,34,MLB-AL,Los Angeles,8,0,,,,11.1,12,8,7,2,8,3,2,5.56,44,1,1,0,0,1,0,0,0,49,198,0.65,0.24,0.06,0.38,0.22,0.08,1.235,0.265,6.4,4.0
Darin Ruf,34,29,MLB-NL,San Francisco,1,0,,,,1.0,3,2,2,0,0,0,0,18.0,5,2,0,0,0,1,0,0,0,6,21,0.67,0.1,0.05,0.17,0.33,0.0,3.0,0.5,0.0,
Jose Ruiz,26,2,MLB-AL,Chicago,22,0,,1.0,,24.0,17,9,8,7,24,2,0,3.0,90,6,0,1,0,0,1,0,0,97,362,0.68,0.19,0.12,0.38,0.27,0.06,1.0,0.234,9.0,3.43
Kyle Ryan,29,33,MLB-NL,Chicago,3,0,,,,2.2,5,1,1,2,2,0,0,3.38,13,1,0,0,0,0,0,0,0,15,60,0.55,0.2,0.07,0.55,0.45,0.0,2.625,0.455,6.8,1.0
Hyun Jin Ryu,34,3,MLB-AL,Toronto,11,11,5.0,3.0,,64.0,60,25,23,11,59,8,0,3.23,246,14,1,0,0,1,0,1,1,259,996,0.67,0.19,0.1,0.48,0.22,0.06,1.109,0.289,8.3,5.36
Casey Sadler,30,38,MLB-AL,Seattle,11,0,,1.0,,11.0,8,3,2,6,10,0,0,1.64,39,1,1,0,0,1,0,0,0,46,200,0.64,0.14,0.13,0.47,0.13,0.1,1.273,0.267,8.2,1.67
Aaron Sanchez,28,34,MLB-NL,San Francisco,6,6,1.0,1.0,,28.1,24,10,10,10,24,2,4,3.18,108,1,1,0,0,0,5,0,0,122,454,0.6,0.18,0.08,0.57,0.21,0.06,1.2,0.268,7.6,2.4
Cristopher Sanchez,24,1,MLB-NL,Philadelphia,1,0,,,,1.1,1,0,0,0,2,0,0,0.0,5,0,0,0,0,0,0,0,0,5,22,0.73,0.23,0.09,1.0,0.0,0.0,0.75,0.333,13.5,
Nick Sandlin,24,1,MLB-AL,Cleveland,11,0,,,,12.2,5,4,4,4,16,0,1,2.84,42,3,1,0,1,0,0,1,0,47,217,0.65,0.2,0.1,0.5,0.19,0.04,0.711,0.192,11.4,4.0
Patrick Sandoval,24,1,MLB-AL,Los Angeles,7,4,,2.0,1.0,27.1,26,12,12,11,27,5,2,3.95,101,3,1,0,0,2,0,1,0,116,456,0.63,0.13,0.18,0.51,0.24,0.05,1.354,0.296,8.9,2.45
Dennis Santana,25,12,MLB-NL,Los Angeles,16,0,,,,15.0,18,11,10,11,8,0,3,6.0,60,2,0,1,0,0,3,0,0,74,277,0.58,0.13,0.09,0.56,0.31,0.0,1.933,0.346,4.8,0.73
Edgar Santana,29,3,MLB-NL,Atlanta,12,0,,,,11.0,9,8,6,4,8,3,0,4.91,42,2,0,0,0,0,0,0,0,46,149,0.64,0.17,0.1,0.5,0.18,0.06,1.182,0.194,6.5,2.0
Ervin Santana,38,3,MLB-AL,Kansas City,10,2,,1.0,,20.1,16,7,7,5,12,3,0,3.1,76,4,1,0,0,0,0,0,0,81,297,0.64,0.16,0.09,0.39,0.2,0.03,1.033,0.213,5.3,2.4
Hector Santiago,33,3,MLB-AL,Seattle,2,0,,1.0,,5.2,5,4,4,2,7,1,0,6.35,21,2,0,0,0,1,0,0,0,24,98,0.65,0.17,0.13,0.53,0.27,0.0,1.235,0.286,11.1,3.5
Antonio Santos,24,21,MLB-NL,Colorado,2,0,,1.0,,3.2,3,2,1,2,2,0,0,2.45,12,1,0,0,0,0,1,0,0,14,48,0.58,0.15,0.08,0.5,0.3,0.0,1.364,0.3,4.9,1.0
Gregory Santos,21,41,MLB-NL,San Francisco,3,0,,2.0,,2.0,5,6,5,2,3,3,0,22.5,11,0,0,0,0,0,0,0,0,13,53,0.58,0.19,0.09,0.38,0.13,0.13,3.5,0.4,13.5,1.5
Hirokazu Sawamura,33,3,MLB-AL,Boston,21,0,1.0,,,22.2,21,11,7,10,31,4,1,2.78,88,7,0,2,0,1,0,0,0,100,427,0.63,0.14,0.16,0.4,0.26,0.09,1.368,0.315,12.3,3.1
Josh Sborz,27,1,MLB-AL,Texas,25,0,3.0,2.0,1.0,24.0,21,13,11,8,32,2,0,4.13,93,4,0,0,0,1,2,0,0,102,419,0.65,0.14,0.16,0.48,0.24,0.08,1.208,0.317,12.0,4.0
Mac Sceroler,26,57,MLB-AL,Baltimore,2,0,,,,3.2,5,3,3,3,6,2,1,7.36,17,1,0,0,0,0,0,0,0,21,93,0.57,0.13,0.18,0.18,0.27,0.09,2.182,0.333,14.7,2.0
Max Scherzer,36,3,MLB-NL,Washington,12,12,5.0,4.0,,77.0,48,21,19,15,104,11,4,2.22,267,6,0,0,0,1,2,4,0,288,1186,0.65,0.15,0.17,0.33,0.2,0.1,0.818,0.242,12.2,6.93
Max Schrock,26,18,MLB-NL,Cincinnati,1,0,,,,0.2,0,0,0,0,0,0,0,0.0,3,0,0,0,0,0,0,0,0,3,7,0.71,0.14,0.0,0.0,0.0,0.33,0.0,0.0,0.0,
Tanner Scott,26,3,MLB-AL,Baltimore,28,0,2.0,3.0,,23.1,17,10,8,19,34,1,1,3.09,85,3,0,1,0,2,0,0,0,107,449,0.57,0.16,0.16,0.45,0.3,0.06,1.543,0.308,13.1,1.79
Andre Scrubb,26,8,MLB-AL,Houston,13,0,1.0,1.0,,13.0,14,11,11,10,12,5,0,7.62,50,1,0,0,0,2,1,0,0,62,251,0.56,0.2,0.08,0.35,0.13,0.08,1.846,0.257,8.3,1.2
Sam Selman,30,13,MLB-NL,San Francisco,7,0,,,,8.0,4,4,4,4,8,2,1,4.5,28,1,0,0,0,0,0,0,0,33,177,0.62,0.17,0.07,0.2,0.15,0.2,1.0,0.111,9.0,2.0
Antonio Senzatela,26,5,MLB-NL,Colorado,11,11,2.0,5.0,,58.1,66,34,29,16,34,6,6,4.47,233,17,1,0,0,1,0,1,0,257,941,0.61,0.17,0.07,0.54,0.23,0.03,1.406,0.309,5.2,2.13
Paul Sewald,31,1,MLB-AL,Seattle,10,0,2.0,1.0,,12.0,9,4,4,6,20,0,0,3.0,45,4,0,0,0,0,2,0,0,51,225,0.67,0.19,0.14,0.24,0.36,0.12,1.25,0.36,15.0,3.33
Bryan Shaw,33,2,MLB-AL,Cleveland,25,0,1.0,1.0,1.0,23.2,10,5,5,18,29,2,0,1.9,82,4,0,0,0,0,1,0,0,100,420,0.61,0.13,0.13,0.53,0.15,0.09,1.183,0.157,11.0,1.61
Jordan Sheffield,26,4,MLB-NL,Colorado,19,0,,,,19.1,11,7,7,8,16,2,2,3.26,66,1,0,0,1,1,0,1,0,77,312,0.59,0.15,0.1,0.33,0.22,0.12,0.983,0.184,7.4,2.0
Justus Sheffield,25,4,MLB-AL,Seattle,10,10,5.0,4.0,,54.2,63,35,29,23,42,7,4,4.77,216,13,0,1,0,2,7,3,1,246,903,0.63,0.18,0.08,0.49,0.28,0.05,1.573,0.331,6.9,1.83
Ryan Sherriff,31,1,MLB-AL,Tampa Bay,3,0,,,,2.2,5,1,1,1,2,0,0,3.38,13,1,0,0,0,0,0,0,0,14,44,0.66,0.16,0.11,0.55,0.27,0.0,2.25,0.455,6.8,2.0
Matt Shoemaker,34,3,MLB-AL,Minnesota,11,11,2.0,7.0,,50.2,59,43,41,21,34,11,2,7.28,206,12,0,0,0,2,7,0,3,234,874,0.64,0.15,0.11,0.45,0.2,0.07,1.579,0.294,6.0,1.62
Chasen Shreve,30,3,MLB-NL,Pittsburgh,11,0,,,,9.1,7,3,3,3,10,3,0,2.89,34,1,0,0,0,0,0,0,0,37,145,0.69,0.1,0.14,0.46,0.13,0.08,1.071,0.19,9.6,3.33
Lucas Sims,27,1,MLB-NL,Cincinnati,22,0,3.0,1.0,6.0,23.0,15,14,12,13,35,2,4,4.7,79,5,0,2,0,3,1,1,0,99,416,0.62,0.19,0.15,0.3,0.32,0.13,1.217,0.289,13.7,2.69
Brady Singer,24,1,MLB-AL,Kansas City,12,12,3.0,5.0,,59.0,63,37,32,23,62,4,7,4.88,234,7,2,0,0,3,8,2,1,267,1036,0.64,0.2,0.1,0.51,0.23,0.07,1.458,0.345,9.5,2.7
Tarik Skubal,24,2,MLB-AL,Detroit,12,10,3.0,7.0,,54.0,52,27,26,26,68,13,2,4.33,210,13,0,0,0,1,5,1,1,240,1022,0.63,0.16,0.12,0.29,0.25,0.1,1.444,0.3,11.3,2.62
Aaron Slegers,28,11,MLB-AL,Los Angeles,23,0,2.0,2.0,,20.0,27,14,14,10,19,2,0,6.3,84,3,0,0,0,0,9,1,0,95,359,0.64,0.15,0.13,0.61,0.2,0.09,1.85,0.397,8.6,1.9
Devin Smeltzer,25,44,MLB-AL,Minnesota,1,0,,,,4.2,1,1,0,1,3,0,2,0.0,13,0,0,0,0,1,0,0,0,17,52,0.67,0.15,0.12,0.45,0.09,0.09,0.429,0.091,5.8,3.0
Burch Smith,31,3,MLB-AL,Oakland,12,0,,,,16.2,17,7,7,3,14,2,0,3.78,64,6,0,0,0,1,0,0,1,68,262,0.65,0.17,0.06,0.29,0.35,0.08,1.2,0.306,7.6,4.67
Caleb Smith,29,1,MLB-NL,Arizona,21,3,2.0,2.0,,43.0,35,17,15,19,50,5,4,3.14,161,9,0,1,0,0,3,2,2,186,753,0.63,0.16,0.12,0.27,0.29,0.09,1.256,0.283,10.5,2.63
Drew Smith,27,3,MLB-NL,New York,7,1,2.0,1.0,,8.0,8,4,3,3,8,1,2,3.38,31,3,0,2,0,0,1,0,0,36,113,0.68,0.12,0.2,0.26,0.3,0.26,1.375,0.318,9.0,2.67
Joe Smith,37,2,MLB-AL,Houston,22,0,1.0,1.0,,17.1,27,12,12,4,15,3,3,6.23,73,4,0,0,0,1,0,1,1,83,345,0.66,0.18,0.09,0.52,0.28,0.02,1.788,0.429,7.8,3.75
Riley Smith,26,1,MLB-NL,Arizona,14,5,1.0,3.0,1.0,43.0,56,27,26,13,21,6,0,5.44,178,13,1,2,0,1,1,2,2,192,671,0.65,0.18,0.06,0.47,0.27,0.04,1.605,0.329,4.4,1.62
Will Smith,31,1,MLB-NL,Atlanta,25,0,1.0,4.0,11.0,23.0,19,11,11,8,33,2,1,4.3,87,7,0,0,0,1,1,0,0,97,385,0.65,0.18,0.14,0.25,0.36,0.09,1.174,0.321,12.9,4.13
Drew Smyly,32,5,MLB-NL,Atlanta,9,9,2.0,3.0,,46.2,48,36,31,16,43,14,1,5.98,184,9,0,1,0,1,3,2,2,204,821,0.65,0.17,0.11,0.38,0.22,0.09,1.371,0.266,8.3,2.69
Blake Snell,28,3,MLB-NL,San Diego,12,12,2.0,2.0,,54.0,45,30,29,32,80,8,1,4.83,208,10,1,1,0,0,4,1,1,241,1023,0.6,0.17,0.13,0.44,0.26,0.04,1.426,0.308,13.3,2.5
Eric Sogard,35,40,MLB-NL,Chicago,1,0,,,,1.0,2,0,0,0,0,0,1,0.0,5,0,0,0,0,0,0,0,0,6,20,0.55,0.05,0.1,0.0,0.6,0.2,2.0,0.4,0.0,
Peter Solomon,24,47,MLB-AL,Houston,2,0,,,,2.0,1,0,0,1,2,0,0,0.0,7,0,0,0,0,0,0,0,0,8,36,0.61,0.17,0.08,0.6,0.0,0.4,1.0,0.2,9.0,2.0
Joakim Soria,37,2,MLB-NL,Arizona,13,0,,2.0,,12.0,15,7,7,4,10,3,0,5.25,50,3,1,0,0,0,1,0,0,54,185,0.7,0.18,0.11,0.4,0.23,0.13,1.583,0.324,7.5,2.5
Gregory Soto,26,2,MLB-AL,Detroit,27,0,3.0,1.0,5.0,23.1,21,10,8,17,27,2,0,3.09,89,4,0,1,0,1,0,0,0,107,458,0.59,0.16,0.12,0.54,0.21,0.06,1.629,0.311,10.4,1.59
Jeffrey Springs,28,1,MLB-AL,Tampa Bay,25,0,4.0,1.0,2.0,27.0,22,13,9,6,33,5,0,3.0,98,2,1,0,0,2,0,0,1,107,443,0.66,0.18,0.14,0.37,0.25,0.07,1.037,0.274,11.0,5.5
Craig Stammen,37,1,MLB-NL,San Diego,25,0,3.0,1.0,1.0,35.2,31,13,13,5,41,6,2,3.28,135,2,0,0,0,0,7,0,0,143,546,0.64,0.19,0.12,0.52,0.21,0.05,1.009,0.284,10.3,8.2
Ryne Stanek,29,1,MLB-AL,Houston,27,0,,1.0,1.0,25.2,15,13,11,17,33,4,4,3.86,91,4,0,2,0,0,1,0,0,112,453,0.6,0.14,0.13,0.29,0.22,0.05,1.247,0.204,11.6,1.94
Cody Stashak,27,10,MLB-AL,Minnesota,15,0,,,,15.2,16,12,12,10,26,2,1,6.89,62,4,0,0,0,2,0,0,0,75,308,0.62,0.12,0.17,0.24,0.29,0.13,1.66,0.389,14.9,2.6
Josh Staumont,27,1,MLB-AL,Kansas City,22,0,,1.0,5.0,23.2,15,8,7,13,26,1,2,2.66,85,6,0,1,0,0,2,0,1,100,406,0.59,0.17,0.1,0.41,0.14,0.07,1.183,0.241,9.9,2.0
Drew Steckenrider,30,1,MLB-AL,Seattle,16,0,2.0,2.0,,20.1,13,7,7,8,23,1,1,3.1,70,3,0,0,0,1,1,0,0,80,323,0.63,0.17,0.1,0.52,0.19,0.04,1.033,0.255,10.2,2.88
Justin Steele,25,18,MLB-NL,Chicago,11,0,2.0,,,13.1,7,4,3,7,21,2,2,2.03,47,1,0,2,0,0,1,0,0,56,233,0.6,0.22,0.14,0.73,0.15,0.0,1.05,0.208,14.2,3.0
Trevor Stephan,25,1,MLB-AL,Cleveland,14,0,,,,20.1,19,9,9,14,23,4,1,3.98,79,4,0,0,0,0,0,1,0,94,417,0.59,0.15,0.12,0.27,0.27,0.07,1.623,0.288,10.2,1.64
Robert Stephenson,28,3,MLB-NL,Colorado,23,0,,1.0,,20.0,23,14,11,9,24,3,1,4.95,84,2,2,0,0,0,3,0,0,95,363,0.64,0.2,0.14,0.36,0.25,0.05,1.6,0.351,10.8,2.67
Kohl Stewart,26,2,MLB-NL,Chicago,2,2,1.0,1.0,,8.2,10,4,3,3,7,1,1,3.12,33,1,0,0,0,0,0,0,0,38,143,0.58,0.2,0.04,0.59,0.19,0.07,1.5,0.36,7.3,2.33
Jonathan Stiever,24,43,MLB-AL,Chicago,1,0,,,,0.0,4,3,3,0,0,0,0,inf,4,0,0,0,0,0,0,0,0,4,15,0.47,0.13,0.07,0.0,1.0,0.0,,1.0,,
Stephen Strasburg,32,6,MLB-NL,Washington,5,5,1.0,2.0,,21.2,16,12,11,14,21,4,1,4.57,80,3,0,2,0,0,2,0,0,95,362,0.55,0.19,0.1,0.37,0.29,0.03,1.385,0.218,8.7,1.5
Chris Stratton,30,3,MLB-NL,Pittsburgh,22,0,1.0,,1.0,31.0,25,11,10,8,27,3,0,2.9,114,5,0,0,0,1,0,0,0,123,477,0.65,0.15,0.11,0.47,0.27,0.07,1.065,0.259,7.8,3.38
Hunter Strickland,32,1,MLB-AL,"Tampa Bay,Los Angeles",22,0,,,,22.1,25,13,10,10,20,4,0,4.03,89,7,0,0,0,0,0,0,0,100,405,0.64,0.16,0.1,0.4,0.24,0.11,1.567,0.323,8.1,2.0
Ross Stripling,31,2,MLB-AL,Toronto,9,8,2.0,3.0,,42.0,47,22,22,12,43,8,2,4.71,166,12,0,0,0,1,3,1,0,181,676,0.64,0.17,0.11,0.41,0.22,0.09,1.405,0.336,9.2,3.58
Marcus Stroman,30,1,MLB-NL,New York,13,13,5.0,4.0,,71.1,60,25,19,17,59,7,2,2.4,266,4,0,1,0,2,5,2,0,288,1050,0.67,0.16,0.12,0.55,0.24,0.03,1.079,0.262,7.4,3.47
Pedro Strop,36,52,MLB-NL,Chicago,2,0,1.0,,,2.0,2,0,0,2,3,0,0,0.0,8,0,0,0,0,0,0,0,0,10,45,0.56,0.22,0.11,0.8,0.2,0.0,2.0,0.4,13.5,1.5
Jose Suarez,23,4,MLB-AL,Los Angeles,4,0,2.0,,,11.2,10,3,3,5,11,1,0,2.31,44,5,0,0,0,0,2,0,0,49,208,0.61,0.16,0.12,0.52,0.24,0.03,1.286,0.281,8.5,2.2
Ranger Suarez,25,2,MLB-NL,Philadelphia,10,0,1.0,,,17.1,6,1,0,4,15,0,3,0.0,58,2,0,0,1,1,0,1,1,66,234,0.61,0.18,0.13,0.73,0.09,0.0,0.577,0.136,7.8,3.75
Wander Suero,29,1,MLB-NL,Washington,19,0,,,,17.1,13,5,5,3,18,2,0,2.6,63,3,0,0,0,0,0,0,0,66,274,0.65,0.17,0.11,0.44,0.27,0.09,0.923,0.256,9.3,6.0
Cole Sulser,31,3,MLB-AL,Baltimore,19,0,2.0,,1.0,21.2,14,4,4,8,33,2,0,1.66,78,2,0,0,0,0,1,0,0,86,379,0.67,0.17,0.15,0.36,0.29,0.04,1.015,0.279,13.7,4.13
Brent Suter,31,2,MLB-NL,Milwaukee,22,1,6.0,3.0,,30.2,32,17,14,10,29,5,0,4.11,123,4,1,1,0,0,0,0,0,133,508,0.64,0.17,0.08,0.54,0.19,0.06,1.37,0.303,8.5,2.9
Erik Swanson,27,10,MLB-AL,Seattle,9,2,,,1.0,13.0,4,1,1,6,14,1,0,0.69,41,0,0,0,0,0,0,1,0,47,200,0.66,0.18,0.13,0.37,0.04,0.19,0.769,0.115,9.7,2.33
Anthony Swarzak,35,51,MLB-NL,Arizona,6,0,,1.0,,4.2,7,5,5,1,4,1,0,9.64,20,1,1,0,0,0,0,0,0,21,66,0.71,0.23,0.06,0.38,0.38,0.06,1.714,0.4,7.7,4.0
Jameson Taillon,29,2,MLB-AL,New York,11,11,1.0,4.0,,53.0,51,30,30,16,58,10,2,5.09,206,13,0,0,0,1,4,0,0,225,910,0.66,0.16,0.13,0.35,0.21,0.12,1.264,0.295,9.8,3.63
Domingo Tapia,29,35,MLB-AL,Seattle,2,0,,,,2.0,4,0,0,1,1,0,0,0.0,10,0,0,0,0,0,0,0,0,11,35,0.69,0.11,0.14,0.56,0.33,0.0,2.5,0.444,4.5,1.0
Stephen Tarpley,28,44,MLB-NL,New York,1,0,,,,0.0,1,2,2,2,0,0,1,inf,1,0,0,0,0,0,0,0,0,4,15,0.27,0.13,0.07,0.0,0.0,0.0,,1.0,,0.0
Dillon Tate,27,2,MLB-AL,Baltimore,15,0,,3.0,,17.2,16,11,10,5,9,2,2,5.09,66,4,1,0,0,0,2,1,1,73,273,0.63,0.16,0.09,0.6,0.11,0.12,1.189,0.255,4.6,1.8
Blake Taylor,25,2,MLB-AL,Houston,9,0,,,,7.1,9,5,4,3,8,2,0,4.91,31,2,0,1,0,1,0,0,0,35,130,0.65,0.19,0.1,0.42,0.17,0.13,1.636,0.318,9.8,2.67
Josh Taylor,28,1,MLB-AL,Boston,23,0,,,,18.2,23,9,9,8,21,1,1,4.34,76,4,0,0,0,0,1,0,1,85,325,0.61,0.13,0.15,0.36,0.29,0.07,1.661,0.407,10.1,2.63
Julio Teheran,30,65,MLB-AL,Detroit,1,1,1.0,,,5.0,4,1,1,3,3,1,0,1.8,17,1,0,0,0,0,0,0,0,20,90,0.64,0.17,0.06,0.36,0.29,0.07,1.4,0.231,5.4,1.0
Ryan Tepera,33,1,MLB-NL,Chicago,28,0,,,1.0,27.1,13,7,7,7,31,2,2,2.3,91,3,0,0,1,2,0,0,0,102,387,0.65,0.14,0.16,0.53,0.15,0.06,0.732,0.183,10.2,4.43
Caleb Thielbar,34,5,MLB-AL,Minnesota,20,0,,,,21.0,24,10,10,7,31,3,1,4.29,83,6,0,1,0,1,1,0,0,93,396,0.67,0.16,0.14,0.28,0.3,0.06,1.476,0.42,13.3,4.43
Keegan Thompson,26,3,MLB-NL,Chicago,11,1,3.0,1.0,,19.1,16,4,3,11,22,3,0,1.4,68,3,0,1,0,0,1,0,0,81,317,0.64,0.2,0.1,0.56,0.17,0.08,1.397,0.302,10.2,2.0
Ryan Thompson,29,2,MLB-AL,Tampa Bay,26,0,3.0,2.0,,26.1,19,8,6,8,26,2,2,2.05,95,4,1,2,1,0,1,0,0,105,377,0.69,0.2,0.12,0.55,0.19,0.07,1.025,0.254,8.9,3.25
Trent Thornton,27,2,MLB-AL,Toronto,18,3,1.0,1.0,,28.1,25,14,8,10,30,5,2,2.54,105,7,0,1,0,0,2,1,0,118,488,0.64,0.16,0.11,0.43,0.25,0.05,1.235,0.286,9.5,3.0
Lewis Thorpe,25,18,MLB-AL,Minnesota,4,3,,2.0,,14.0,13,9,6,4,5,1,0,3.86,54,3,0,0,0,0,0,0,0,58,213,0.68,0.19,0.08,0.51,0.2,0.12,1.214,0.25,3.2,1.25
Ty Tice,24,31,MLB-AL,Toronto,4,0,,,,7.0,9,4,4,4,6,1,1,5.14,29,2,0,0,0,0,0,0,0,34,129,0.64,0.19,0.09,0.22,0.3,0.09,1.857,0.364,7.7,1.5
Ka'ai Tom,27,64,MLB-AL,Oakland,1,0,,,,1.0,1,0,0,0,0,0,0,0.0,4,0,0,0,0,0,0,0,0,4,20,0.65,0.2,0.05,0.5,0.0,0.25,1.0,0.25,0.0,
Josh Tomlin,36,4,MLB-NL,Atlanta,19,0,3.0,,,26.2,35,16,16,5,20,4,1,5.4,110,5,2,0,0,0,1,1,1,116,437,0.66,0.14,0.13,0.37,0.27,0.1,1.5,0.36,6.8,4.0
Blake Treinen,33,2,MLB-NL,Los Angeles,24,0,1.0,2.0,2.0,23.0,23,11,9,8,28,3,2,3.52,91,2,0,1,0,0,7,2,0,101,353,0.65,0.16,0.16,0.54,0.19,0.08,1.348,0.333,11.0,3.5
Lou Trivino,29,2,MLB-AL,Oakland,25,0,2.0,2.0,8.0,26.2,19,11,8,14,25,2,1,2.7,95,4,0,2,0,1,2,0,0,111,427,0.61,0.16,0.09,0.45,0.25,0.06,1.238,0.246,8.4,1.79
Nick Tropeano,30,7,MLB-NL,San Francisco,4,0,1.0,,,6.0,4,2,1,2,2,0,0,1.5,20,1,0,0,0,0,0,0,0,23,83,0.58,0.14,0.11,0.63,0.32,0.0,1.0,0.222,3.0,1.0
Spencer Turnbull,28,3,MLB-AL,Detroit,9,9,4.0,2.0,,50.0,37,18,16,12,44,2,5,2.88,182,7,1,0,0,1,4,1,0,201,775,0.64,0.15,0.11,0.59,0.21,0.06,0.98,0.255,7.9,3.67
Edwin Uceta,23,5,MLB-NL,Los Angeles,7,1,,2.0,,12.2,11,8,5,4,13,2,0,3.55,47,3,0,0,0,2,1,0,0,53,197,0.69,0.2,0.11,0.36,0.22,0.17,1.184,0.265,9.2,3.25
Duane Underwood Jr.,26,3,MLB-NL,Pittsburgh,21,0,2.0,2.0,,34.1,35,18,15,12,34,3,1,3.93,134,8,1,0,0,1,4,1,0,148,548,0.62,0.17,0.12,0.41,0.3,0.07,1.369,0.327,8.9,2.83
Jose Urena,29,1,MLB-AL,Detroit,11,11,2.0,5.0,,59.1,62,30,28,24,36,3,1,4.25,231,15,2,0,0,1,2,2,0,257,953,0.6,0.17,0.07,0.53,0.27,0.05,1.449,0.306,5.5,1.5
Julio Urias,24,3,MLB-NL,Los Angeles,12,12,8.0,2.0,,72.1,59,30,28,11,80,9,3,3.48,266,9,0,2,0,1,1,3,1,285,1038,0.73,0.2,0.13,0.42,0.23,0.07,0.968,0.281,10.0,7.27
Jose Urquidy,26,2,MLB-AL,Houston,10,10,4.0,3.0,,55.0,49,23,23,10,47,8,1,3.76,208,12,1,0,0,0,1,1,0,220,848,0.69,0.17,0.1,0.33,0.25,0.1,1.073,0.268,7.7,4.7
Pat Valaika,28,30,MLB-AL,Baltimore,1,0,,,,1.0,0,0,0,0,0,0,0,0.0,4,0,0,0,0,0,0,0,0,4,5,0.8,0.0,0.0,0.75,0.0,0.0,0.0,0.0,0.0,
Cesar Valdez,36,2,MLB-AL,Baltimore,22,0,2.0,1.0,8.0,22.2,30,14,13,5,26,1,1,5.16,97,6,0,0,0,1,0,0,0,104,393,0.68,0.17,0.15,0.49,0.36,0.01,1.544,0.408,10.3,5.2
Framber Valdez,27,5,MLB-AL,Houston,2,2,1.0,,,11.0,7,2,2,4,14,1,1,1.64,41,0,0,0,0,0,0,0,0,46,174,0.61,0.19,0.13,0.78,0.15,0.0,1.0,0.231,11.5,3.5
Phillips Valdez,29,1,MLB-AL,Boston,18,0,2.0,,1.0,20.1,15,11,9,8,18,0,4,3.98,71,3,0,1,0,2,1,0,0,86,347,0.6,0.18,0.08,0.64,0.2,0.02,1.131,0.273,8.0,2.25
Vince Velasquez,29,1,MLB-NL,Philadelphia,12,8,2.0,1.0,,43.2,34,21,21,26,52,9,2,4.33,161,6,1,1,0,0,6,2,0,189,791,0.61,0.15,0.12,0.41,0.22,0.08,1.374,0.25,10.7,2.0
Alex Vesia,25,5,MLB-NL,Los Angeles,10,0,,1.0,,10.2,4,9,7,11,16,3,1,5.91,35,1,0,1,0,1,0,0,0,48,198,0.54,0.14,0.18,0.1,0.1,0.2,1.406,0.059,13.5,1.45
Will Vest,26,2,MLB-AL,Seattle,23,0,1.0,,,24.1,28,18,17,12,18,1,3,6.29,94,12,0,0,0,2,0,1,0,112,435,0.61,0.15,0.09,0.39,0.35,0.05,1.644,0.351,6.7,1.5
Austin Voth,29,1,MLB-NL,Washington,19,1,2.0,,,29.2,22,9,9,10,29,5,1,2.73,104,4,0,2,1,0,0,3,0,116,463,0.64,0.15,0.11,0.47,0.22,0.08,1.079,0.243,8.8,2.9
Michael Wacha,29,1,MLB-AL,Tampa Bay,10,6,1.0,1.0,,37.2,35,20,19,10,30,6,0,4.54,140,8,0,0,0,2,1,0,0,152,559,0.67,0.15,0.11,0.4,0.24,0.08,1.195,0.274,7.2,3.0
Brandon Waddell,27,11,MLB-AL,"Minnesota,Baltimore",5,0,,1.0,,5.0,10,6,5,4,1,2,0,9.0,25,4,0,0,0,0,0,0,0,29,104,0.55,0.11,0.13,0.33,0.29,0.13,2.8,0.364,1.8,0.25
Adam Wainwright,39,4,MLB-NL,St. Louis,11,11,3.0,5.0,,66.2,62,32,31,19,61,11,6,4.19,256,11,0,2,0,0,0,0,1,282,1039,0.64,0.23,0.08,0.48,0.23,0.05,1.215,0.277,8.2,3.21
Taijuan Walker,28,4,MLB-NL,New York,10,10,4.0,2.0,,54.0,34,16,13,23,51,2,1,2.17,188,6,0,0,0,2,2,2,2,215,853,0.63,0.19,0.09,0.41,0.26,0.11,1.056,0.234,8.5,2.22
Art Warren,28,22,MLB-NL,Cincinnati,2,0,,,,2.0,0,0,0,2,2,0,0,0.0,6,0,0,0,0,0,1,0,0,8,41,0.56,0.05,0.15,0.0,0.25,0.5,1.0,0.0,9.0,1.0
Tony Watson,36,2,MLB-AL,Los Angeles,22,0,2.0,2.0,,20.0,14,9,8,6,15,3,0,3.6,72,2,0,0,1,0,2,0,0,78,310,0.62,0.15,0.14,0.53,0.19,0.04,1.0,0.204,6.8,2.5
Ryan Weathers,21,6,MLB-NL,San Diego,12,7,2.0,2.0,1.0,39.1,27,9,9,12,29,5,1,2.06,139,8,0,0,0,0,0,0,4,152,660,0.62,0.18,0.08,0.45,0.25,0.11,0.992,0.21,6.6,2.42
Luke Weaver,27,22,MLB-NL,Arizona,8,8,2.0,3.0,,40.0,35,20,20,13,38,6,1,4.5,150,8,4,2,0,1,2,0,1,167,673,0.66,0.17,0.11,0.4,0.29,0.04,1.2,0.271,8.6,2.92
Jacob Webb,27,17,MLB-NL,Atlanta,16,0,1.0,2.0,,16.0,24,15,10,6,17,3,1,5.63,71,3,1,1,0,0,1,0,0,79,296,0.69,0.12,0.16,0.42,0.31,0.02,1.875,0.412,9.6,2.83
Logan Webb,24,9,MLB-NL,San Francisco,10,9,4.0,3.0,,49.0,46,23,21,17,54,4,4,3.86,185,9,0,0,0,0,6,1,0,207,782,0.62,0.19,0.12,0.59,0.29,0.03,1.286,0.331,9.9,3.18
Tyler Webb,30,5,MLB-NL,St. Louis,22,0,,,,16.1,22,26,24,19,14,1,0,13.22,71,6,0,1,0,1,1,1,0,92,392,0.58,0.15,0.08,0.34,0.32,0.12,2.51,0.368,7.7,0.74
Jordan Weems,28,33,MLB-AL,Oakland,5,0,,,,4.1,2,3,3,3,4,1,0,6.23,15,1,0,0,0,0,0,0,0,18,83,0.59,0.12,0.11,0.27,0.36,0.0,1.154,0.1,8.3,1.33
Patrick Weigel,26,31,MLB-NL,Milwaukee,3,0,,,,4.0,4,2,2,4,9,1,1,4.5,16,0,0,0,0,0,0,0,0,21,93,0.55,0.24,0.09,0.29,0.29,0.0,2.0,0.5,20.3,2.25
Tyler Wells,26,1,MLB-AL,Baltimore,15,0,1.0,,,25.1,20,13,13,8,31,6,1,4.62,93,1,1,0,0,0,0,0,0,103,415,0.66,0.16,0.12,0.24,0.25,0.11,1.105,0.25,11.0,3.88
J.B. Wendelken,28,37,MLB-AL,Oakland,15,0,,,,12.1,15,7,6,5,14,1,0,4.38,53,3,0,0,0,0,0,0,0,58,208,0.66,0.12,0.13,0.46,0.36,0.08,1.622,0.368,10.2,2.8
Zack Wheeler,31,3,MLB-NL,Philadelphia,12,12,4.0,3.0,,82.1,59,24,23,18,100,7,3,2.51,295,9,1,1,0,1,2,0,2,319,1214,0.67,0.16,0.13,0.5,0.21,0.09,0.935,0.275,10.9,5.56
Mitch White,26,3,MLB-NL,Los Angeles,10,0,,,,11.2,12,13,5,6,12,1,0,3.86,47,2,0,1,0,2,1,0,0,55,222,0.64,0.17,0.08,0.43,0.16,0.03,1.543,0.306,9.3,2.0
Kodi Whitley,26,14,MLB-NL,St. Louis,12,0,,,,10.1,7,8,7,7,8,1,0,6.1,38,2,0,0,0,1,0,0,0,46,187,0.61,0.1,0.12,0.42,0.19,0.1,1.355,0.2,7.0,1.14
Garrett Whitlock,25,2,MLB-AL,Boston,15,0,1.0,1.0,1.0,27.2,24,6,5,7,29,3,1,1.63,102,4,0,0,0,1,2,1,0,111,448,0.66,0.18,0.12,0.53,0.26,0.01,1.12,0.296,9.4,4.14
Taylor Widener,26,15,MLB-NL,Arizona,5,5,1.0,,,24.0,20,9,7,8,20,4,3,2.63,90,3,0,1,0,1,2,1,0,104,387,0.65,0.18,0.09,0.36,0.26,0.04,1.167,0.239,7.5,2.5
Brad Wieck,29,3,MLB-NL,Chicago,8,0,,,,8.0,6,0,0,3,9,0,0,0.0,30,1,0,0,0,0,1,0,0,33,129,0.62,0.17,0.09,0.33,0.33,0.0,1.125,0.286,10.1,3.0
Stevie Wilkerson,29,18,MLB-AL,Baltimore,1,0,,,,1.0,2,1,1,0,0,1,0,9.0,5,0,0,0,0,0,0,0,0,5,12,0.75,0.17,0.08,0.6,0.0,0.0,2.0,0.25,0.0,
Devin Williams,26,1,MLB-NL,Milwaukee,24,0,2.0,,,22.1,17,10,10,15,36,3,1,4.03,81,2,1,0,0,1,3,1,0,99,408,0.63,0.16,0.18,0.49,0.21,0.02,1.433,0.326,14.5,2.4
Taylor Williams,29,55,MLB-NL,San Diego,5,0,,,,5.1,3,1,1,3,6,0,2,1.69,18,0,0,0,0,0,0,0,0,23,89,0.65,0.13,0.17,0.58,0.17,0.08,1.125,0.25,10.1,2.0
Trevor Williams,29,12,MLB-NL,Chicago,10,10,3.0,2.0,,43.2,50,26,26,20,49,8,2,5.36,175,10,1,0,0,0,2,2,1,197,765,0.63,0.17,0.1,0.48,0.26,0.05,1.603,0.356,10.1,2.45
Bryse Wilson,23,16,MLB-NL,Atlanta,5,5,2.0,2.0,,24.2,29,13,12,7,15,6,0,4.38,95,2,0,1,0,1,2,1,2,104,354,0.66,0.18,0.09,0.44,0.22,0.09,1.459,0.307,5.5,2.14
Justin Wilson,33,10,MLB-AL,New York,15,0,1.0,1.0,,13.1,13,11,9,6,12,4,1,6.08,53,3,1,0,0,0,0,0,0,61,255,0.63,0.15,0.08,0.44,0.07,0.12,1.425,0.243,8.1,2.0
Dan Winkler,31,2,MLB-NL,Chicago,24,0,1.0,,,21.2,13,2,2,12,22,0,4,0.83,75,4,0,0,0,0,1,0,0,91,393,0.6,0.11,0.12,0.43,0.25,0.08,1.154,0.245,9.1,1.83
Matt Wisler,28,6,MLB-NL,San Francisco,20,0,1.0,2.0,,19.0,17,13,13,6,25,4,0,6.16,72,3,1,0,0,1,1,0,0,79,310,0.66,0.22,0.17,0.29,0.29,0.13,1.211,0.295,11.8,4.17
Nick Wittgren,30,1,MLB-AL,Cleveland,20,0,2.0,1.0,1.0,19.0,16,11,11,5,21,4,0,5.21,69,2,0,1,0,2,0,0,0,76,307,0.64,0.18,0.11,0.42,0.3,0.08,1.105,0.261,9.9,4.2
Alex Wood,30,6,MLB-NL,San Francisco,9,9,5.0,3.0,,51.2,43,20,20,15,52,6,3,3.48,190,6,2,1,0,1,1,2,0,209,784,0.67,0.19,0.13,0.55,0.25,0.02,1.123,0.278,9.1,3.47
Hunter Wood,27,16,MLB-AL,Texas,5,0,,,,5.0,2,2,2,2,5,1,0,3.6,16,1,0,0,0,1,0,0,0,19,65,0.6,0.18,0.12,0.17,0.17,0.08,0.8,0.091,9.0,2.5
Jake Woodford,24,3,MLB-NL,St. Louis,10,0,1.0,,,17.0,13,6,6,10,16,1,5,3.18,60,1,2,0,0,2,0,0,0,77,315,0.59,0.16,0.1,0.48,0.2,0.09,1.353,0.267,8.5,1.6
Brandon Woodruff,28,2,MLB-NL,Milwaukee,12,12,4.0,2.0,,76.0,39,13,12,17,92,4,3,1.42,260,2,1,0,0,1,1,4,0,283,1128,0.67,0.19,0.13,0.49,0.22,0.06,0.737,0.212,10.9,5.41
Brandon Workman,32,2,"MLB-NL,MLB-AL","Chicago,Boston",12,0,,2.0,,9.2,13,10,7,9,14,3,0,6.52,42,2,0,0,0,0,3,2,2,51,211,0.6,0.22,0.1,0.5,0.29,0.0,2.276,0.4,13.0,1.56
Kyle Wright,25,52,MLB-NL,Atlanta,1,1,,,,4.1,3,2,2,2,5,1,4,4.15,14,0,0,0,0,1,1,0,0,22,78,0.59,0.21,0.1,0.55,0.09,0.0,1.154,0.222,10.4,2.5
Miguel Yajure,23,24,MLB-NL,Pittsburgh,2,2,,1.0,,9.1,5,4,4,3,8,2,0,3.86,31,1,0,0,0,0,0,0,0,34,117,0.62,0.17,0.12,0.39,0.17,0.13,0.857,0.143,7.7,2.67
Jordan Yamamoto,25,15,MLB-NL,New York,2,1,1.0,1.0,,6.2,10,6,3,2,3,0,2,4.05,29,1,0,0,0,0,1,0,0,33,111,0.66,0.17,0.06,0.31,0.38,0.08,1.8,0.385,4.1,1.5
Hyeon-jong Yang,33,8,MLB-AL,Texas,7,4,,3.0,,27.2,26,18,16,13,19,5,0,5.2,104,5,1,0,0,1,0,0,0,118,459,0.63,0.13,0.1,0.43,0.21,0.09,1.41,0.259,6.2,1.46
Ryan Yarbrough,29,4,MLB-AL,Tampa Bay,12,8,3.0,3.0,,66.0,63,35,29,12,53,10,5,3.95,255,12,1,1,0,0,3,1,1,274,1007,0.65,0.18,0.1,0.39,0.29,0.11,1.136,0.276,7.2,4.42
Eric Yardley,30,6,MLB-NL,Milwaukee,13,0,,,,14.0,19,11,11,7,4,2,2,7.07,57,7,0,2,0,1,1,0,0,67,243,0.58,0.19,0.05,0.56,0.2,0.04,1.857,0.327,2.6,0.57
Huascar Ynoa,23,22,MLB-NL,Atlanta,9,8,4.0,2.0,,44.2,36,16,15,11,50,7,1,3.02,167,8,1,0,0,0,1,0,0,179,700,0.65,0.18,0.13,0.49,0.25,0.05,1.052,0.264,10.1,4.55
Alex Young,27,4,MLB-NL,Arizona,25,0,2.0,4.0,,25.2,21,12,10,13,26,5,0,3.51,94,1,1,3,0,2,0,0,0,110,434,0.65,0.18,0.15,0.46,0.18,0.04,1.325,0.246,9.1,2.0
Daniel Zamora,28,3,MLB-AL,Seattle,4,0,2.0,,,4.1,5,4,3,1,3,1,0,6.23,17,2,0,0,0,0,0,0,0,18,65,0.65,0.22,0.08,0.5,0.14,0.0,1.385,0.308,6.2,3.0
T.J. Zeuch,25,50,MLB-AL,Toronto,4,2,,2.0,,12.0,16,13,9,7,6,5,0,6.75,50,4,0,0,0,0,0,0,0,57,221,0.62,0.15,0.08,0.41,0.2,0.02,1.917,0.282,4.5,0.86
Kyle Zimmer,29,1,MLB-AL,Kansas City,19,0,3.0,,2.0,21.1,9,5,5,9,19,1,0,2.11,67,2,0,0,0,2,0,0,0,78,340,0.61,0.16,0.11,0.5,0.16,0.04,0.844,0.163,8.0,2.11
Bruce Zimmermann,26,6,MLB-AL,Baltimore,10,9,3.0,3.0,,49.0,60,28,27,15,43,11,2,4.96,198,10,0,0,0,2,1,1,2,218,822,0.63,0.17,0.12,0.41,0.27,0.08,1.531,0.336,7.9,2.87
Jordan Zimmermann,35,31,MLB-NL,Milwaukee,2,0,,,,5.2,8,5,5,2,0,1,1,7.94,23,3,0,0,0,0,0,0,0,26,82,0.61,0.11,0.02,0.52,0.22,0.0,1.765,0.318,0.0,0.0
Tyler Zuber,26,3,MLB-AL,Kansas City,20,0,,2.0,,17.0,14,13,12,15,16,3,1,6.35,63,3,0,1,0,0,0,0,0,79,345,0.56,0.15,0.11,0.28,0.26,0.15,1.706,0.25,8.5,1.07
