last_name, first_name,player_id,year,b_ab,b_total_pa,b_single,b_double,b_triple,b_home_run,b_walk,b_k_percent,b_bb_percent,on_base_plus_slg,isolated_power,b_rbi,b_total_bases,r_total_caught_stealing,r_total_stolen_base,b_hit_by_pitch,r_run,r_stolen_base_pct,xba,xslg,xwoba,xobp,xiso,exit_velocity_avg,launch_angle_avg,sweet_spot_percent,barrels,barrel_batted_rate,hard_hit_percent,whiff_percent,swing_percent,groundballs_percent,flyballs_percent,sprint_speed,
Pujols, Albert,405395,2021,130,140,16,2,0,8,6,15.7,4.3,.657,.200,22,52,0,1,4,13,,.254,.484,.335,.306,.230,90.7,16,32.1,11,9.8,42.9,20.3,46.3,39.3,31.3,22.4,
Cabrera, Miguel,408234,2021,149,165,23,2,0,5,14,23.0,8.5,.588,.114,21,47,0,0,1,13,,.222,.393,.301,.291,.171,89.7,8.8,25.6,10,8.5,46.2,23.5,48.9,53,23.9,24.3,
Molina, Yadier,425877,2021,148,159,23,11,0,7,9,20.8,5.7,.808,.216,27,73,0,0,0,18,,.286,.511,.354,.324,.225,89.8,17.1,36.8,11,9.4,39.3,30.6,58.2,36.8,29.9,23.3,
Suzuki, Kurt,435559,2021,88,100,14,3,0,1,6,19.0,6.0,.543,.068,5,24,0,0,3,6,,.189,.276,.248,.268,.086,84.4,13,28.8,2,2.7,23.3,20.9,47.6,49.3,20.5,25.0,
Cruz Jr., Nelson,443558,2021,171,198,30,7,1,10,19,20.2,9.6,.862,.228,25,87,0,1,3,27,,.255,.515,.373,.342,.260,92.3,10.1,27.5,21,15.2,53.6,31.5,49.2,46.4,31.2,26.0,
Peralta, David,444482,2021,204,220,29,12,5,4,16,17.3,7.3,.712,.167,30,84,1,1,0,24,,.236,.341,.278,.293,.106,88.6,4.3,26,9,5.3,37.9,23.3,46.4,55.6,14.2,27.6,
Pina, Manny,444489,2021,53,64,4,1,0,4,10,17.2,15.6,.712,.245,8,22,0,0,0,6,,.234,.470,.356,.355,.236,86.9,14.9,28.3,5,10.9,39.1,21.9,38.3,43.5,28.3,24.7,
Longoria, Evan,446334,2021,161,186,25,11,0,9,25,22.6,13.4,.892,.236,30,83,1,1,0,28,,.300,.600,.414,.394,.300,95.9,15.7,40.3,18,15.1,61.3,27.3,41.8,37.8,31.9,26.2,
Cabrera, Asdrubal,452678,2021,115,137,20,9,0,4,19,19.0,13.9,.856,.183,19,54,0,1,1,18,,.250,.433,.345,.359,.183,88.7,18.3,30.4,9,9.8,35.9,22.3,45.1,35.9,27.2,24.4,
Blackmon, Charlie,453568,2021,179,208,32,11,1,4,23,12.0,11.1,.778,.140,32,73,0,0,6,22,,.308,.491,.388,.402,.183,89,10.6,33.3,12,7.7,45.5,18.4,47.4,46.8,24.4,26.7,
Maldonado, Martin,455117,2021,144,159,15,3,1,4,13,31.4,8.2,.517,.118,14,40,0,0,2,14,,.194,.301,.261,.277,.107,87.9,17.2,33,4,4.1,27.8,30,44.6,38.1,26.8,23.5,
Cain, Lorenzo,456715,2021,103,118,16,4,0,3,14,20.3,11.9,.672,.126,9,36,1,4,1,17,,.244,.405,.329,.340,.161,88.5,8.2,35.4,5,6.3,40.5,26.3,42.6,46.8,27.8,28.4,
Solano, Donovan,456781,2021,96,107,19,5,0,2,6,19.6,5.6,.694,.115,11,37,0,1,1,13,,.253,.391,.294,.293,.138,86.7,11.3,40.2,5,6.1,34.1,18.1,49.3,41.5,25.6,25.9,
McCutchen, Andrew,457705,2021,183,221,23,6,1,10,33,26.2,14.9,.761,.208,28,78,0,3,1,25,,.249,.448,.353,.360,.199,89.1,10.4,34.8,11,8.3,38.6,29.6,39.5,49.2,24.2,28.5,
Upton, Justin,457708,2021,169,192,20,5,0,12,20,31.3,10.4,.764,.243,26,78,1,2,1,25,,.233,.485,.345,.318,.252,92.7,17.8,32.7,17,15,49.6,34,44.3,39.8,32.7,27.5,
Turner, Justin,457759,2021,200,233,35,9,0,9,30,20.6,12.9,.806,.180,30,89,0,0,1,36,,.254,.461,.353,.353,.207,91.6,19.9,39.9,15,9.5,48.1,19.9,43,35.4,32.3,25.1,
Posey III, Buster,457763,2021,140,159,30,5,0,10,18,17.0,11.3,.974,.250,21,80,0,0,1,26,,.306,.560,.397,.387,.255,89.6,8.3,41,12,10.3,47.9,22.4,43.7,46.2,22.2,24.5,
Votto, Joey,458015,2021,106,118,13,6,0,5,11,21.2,9.3,.730,.198,17,45,0,0,1,9,,.273,.541,.377,.347,.268,92.6,13.5,37,10,12.3,49.4,32.2,47.2,44.4,28.4,24.5,
Gardner, Brett,458731,2021,122,141,17,4,1,0,15,27.0,10.6,.499,.049,3,28,0,1,1,10,,.197,.285,.267,.296,.088,86.7,14.5,27.5,4,4.4,34.1,23.6,39.2,44,20.9,28.1,
Joyce, Matt,459964,2021,45,57,2,1,0,2,10,19.3,17.5,.547,.156,6,12,0,0,1,5,,.182,.347,.294,.335,.165,86.7,17,25.7,4,11.4,28.6,32,45.2,45.7,31.4,26.3,
Andrus, Elvis,462101,2021,183,197,29,8,1,0,12,17.3,6.1,.516,.055,7,48,2,3,0,14,,.249,.339,.278,.293,.090,87.4,7.8,33.1,3,1.9,32.5,21.4,48.5,47.4,18.2,26.4,
Sandoval, Pablo,467055,2021,50,58,8,0,0,4,7,31.0,12.1,.825,.240,10,24,0,0,1,9,,.203,.424,.320,.311,.221,94.9,17.1,39.4,4,12.1,59.4,33.1,49.8,30.3,36.4,22.2,
Ramos, Wilson,467092,2021,120,128,13,5,0,6,6,22.7,4.7,.626,.192,13,47,0,0,0,12,,.233,.409,.291,.270,.176,90,7.7,30.8,9,9.9,45.1,28,55.5,52.7,19.8,23.5,
Santana, Carlos,467793,2021,186,234,32,4,0,10,42,15.0,17.9,.815,.183,36,80,0,2,2,34,,.246,.490,.376,.383,.245,89.9,14.6,28.6,16,9.9,42.9,24.1,43.6,42.9,28.6,24.8,
Belt, Brandon,474832,2021,114,137,14,4,0,8,21,33.6,15.3,.824,.246,21,54,1,2,1,18,,.207,.450,.348,.339,.243,90.1,22.4,36.2,13,18.8,49.3,31.4,44.1,33.3,33.3,24.3,
Zimmerman, Ryan,475582,2021,92,96,16,7,0,6,4,27.1,4.2,.931,.272,17,54,0,0,0,13,,.241,.435,.301,.271,.194,91,9.7,31.9,7,10.1,47.8,30.3,49.9,44.9,21.7,26.2,
Lowrie, Jed,476704,2021,199,223,31,15,0,4,24,20.2,10.8,.719,.136,28,77,0,0,0,26,,.269,.480,.355,.348,.211,90.8,16.7,37,15,9.7,45.5,22.1,43.9,36.4,30.5,25.6,
Avila, Alex,488671,2021,44,56,1,5,1,0,11,30.4,19.6,.657,.159,5,14,0,0,1,1,,.173,.269,.290,.341,.096,87.7,9.6,40,2,6.7,36.7,36.8,37.7,43.3,26.7,23.8,
Brantley Jr., Michael,488726,2021,167,179,33,14,1,3,10,12.3,5.6,.801,.150,15,76,1,0,1,25,,.343,.526,.395,.386,.182,90.8,9.4,47.9,11,7.5,43.8,10.9,48.5,43.8,18.5,25.9,
Castro, Jason,488771,2021,48,59,7,4,0,2,9,28.8,15.3,.869,.208,8,23,0,0,1,10,,.254,.511,.382,.382,.257,91.5,14.1,46.9,5,15.6,40.6,38.5,38.9,37.5,28.1,26.4,
Gurriel, Yuli,493329,2021,190,220,35,16,0,7,24,9.5,10.9,.877,.195,39,95,1,0,1,25,,.279,.431,.344,.361,.152,90.4,14.9,34.3,8,4.4,44.2,14.7,44.4,39.2,27.1,26.9,
Rojas, Miguel,500743,2021,171,192,28,14,2,3,17,14.6,8.9,.787,.158,16,74,1,4,4,32,,.246,.368,.310,.329,.122,87.6,12.7,33.6,4,2.8,37.8,21.9,44.6,41.3,25.2,26.9,
Escobar, Eduardo,500871,2021,231,246,32,8,1,14,14,22.8,5.7,.744,.225,41,107,0,1,0,33,,.238,.455,.316,.286,.217,88.6,20.2,34.6,17,9.5,36.3,25.9,48.6,33,35.8,27.7,
Adrianza, Ehire,501303,2021,85,96,12,3,1,3,7,18.8,7.3,.659,.165,17,33,0,0,0,13,,.260,.373,.310,.323,.113,84.8,13.9,37.3,1,1.3,36,19.6,48.1,42.7,17.3,26.8,
Lagares, Juan,501571,2021,81,84,11,6,1,0,3,23.8,3.6,.571,.099,9,26,0,0,0,12,,.245,.349,.270,.271,.104,91.5,8.2,32.3,5,7.7,46.2,23.5,50.9,43.1,21.5,27.7,
Davis, Khris,501981,2021,51,61,4,1,1,2,8,26.2,13.1,.596,.176,5,17,0,0,0,8,,.203,.382,.323,.318,.179,90.2,12.2,29.7,4,10.8,43.2,36.8,47.1,54.1,24.3,25.7,
Pham, Tommy,502054,2021,163,199,28,2,2,4,32,21.1,16.1,.683,.110,17,54,2,6,2,21,,.252,.446,.366,.385,.194,90,8.9,35.7,14,11.1,44.4,26.7,38,47.6,24.6,27.9,
Martinez, J.D.,502110,2021,204,229,39,14,0,12,23,20.5,10.0,.952,.245,39,115,0,0,1,40,,.305,.560,.395,.376,.255,92,15.1,41,18,11.2,46,29.5,52.7,37.3,29.2,26.0,
Reddick, Josh,502210,2021,52,54,11,8,0,0,2,16.7,3.7,.908,.154,7,27,0,0,0,5,,.292,.382,.303,.316,.090,86.2,15,36.2,1,2.1,27.7,18.3,52.6,36.2,29.8,26.3,
Goldschmidt, Paul,502671,2021,219,242,33,12,1,7,21,23.1,8.7,.712,.160,29,88,0,3,1,33,,.266,.498,.353,.330,.232,92.8,19.1,33.3,18,10.7,52.4,26.3,47,38.7,28.6,26.6,
Gonzalez, Marwin,503556,2021,154,175,18,12,0,1,13,23.4,7.4,.590,.097,13,46,0,2,7,16,,.240,.371,.311,.325,.131,89.2,10.9,34.2,6,5.1,38.5,22.1,43.7,46.2,17.9,26.9,
Leon, Sandy,506702,2021,86,95,13,2,0,1,5,26.3,5.3,.486,.058,4,21,0,0,2,6,,.185,.299,.236,.239,.114,87.9,24,27.3,2,3,28.8,26.5,45.5,36.4,40.9,23.1,
Altuve, Jose,514888,2021,189,216,45,6,0,8,22,13.4,10.2,.851,.159,26,89,1,2,1,38,,.281,.461,.352,.355,.180,88.4,14.2,34.5,12,7,43.3,20.3,47.3,42.7,21.1,28.5,
Hernandez, Cesar,514917,2021,217,242,30,8,1,9,24,20.2,9.9,.693,.171,19,85,0,0,1,31,,.262,.455,.344,.337,.192,89.5,12.2,34.7,16,9.4,38.8,21.7,44.5,44.1,26.5,28.8,
Segura, Jean,516416,2021,156,169,37,9,1,3,10,13.6,5.9,.816,.128,12,70,0,6,2,22,,.266,.382,.311,.319,.117,88,1.8,28.4,7,5.2,38.8,19.2,48.5,59,14.9,26.9,
Castro, Starlin,516770,2021,202,221,41,8,0,2,16,19.5,7.2,.625,.069,20,65,0,0,0,12,,.242,.366,.294,.298,.124,87.1,6.7,27.4,9,5.4,37.5,22.4,47.4,56,19.6,25.8,
Marte, Starling,516782,2021,76,92,14,5,1,3,12,21.7,13.0,.926,.211,10,39,3,4,3,16,,.282,.474,.381,.397,.192,88.8,8,38.7,6,9.7,43.5,26.1,49,41.9,25.8,27.9,
Culberson, Charlie,518586,2021,119,129,17,6,1,3,7,26.4,5.4,.633,.143,12,44,0,2,0,10,,.212,.309,.245,.254,.097,85.6,11.4,32.2,3,3.3,27.8,34.6,52.8,51.1,21.1,27.9,
d'Arnaud, Travis,518595,2021,82,87,12,4,0,2,4,23.0,4.6,.594,.122,11,28,0,0,0,5,,.259,.445,.313,.291,.186,90.6,8.5,33.3,6,9.5,36.5,25.7,52.8,41.3,27,26.0,
Donaldson, Josh,518626,2021,154,185,22,10,0,5,26,15.7,14.1,.749,.162,20,62,0,0,1,21,,.282,.540,.388,.379,.258,92.7,12.6,27.8,21,15.8,51.1,24.7,46.7,45.1,24.1,24.3,
Freeman, Freddie,518692,2021,198,238,28,6,0,13,38,17.2,16.0,.830,.227,31,92,1,3,2,37,,.297,.573,.411,.414,.276,91.9,13.6,37.4,20,12.3,50.9,22.8,49.1,39.9,30.7,26.7,
Grandal, Yasmani,518735,2021,104,152,6,2,0,8,45,27.0,29.6,.805,.250,20,42,0,0,0,26,,.210,.472,.401,.436,.262,94.2,14.1,28.8,11,15.1,57.5,29.2,26.6,46.6,31.5,23.2,
Heyward, Jason,518792,2021,130,142,12,6,1,4,11,24.6,7.7,.577,.154,13,43,0,3,1,15,,.216,.363,.285,.280,.147,88.8,6.8,27.6,7,7.1,43.9,27.7,48.2,50,15.3,26.7,
LeMahieu, DJ,518934,2021,212,241,46,6,0,3,26,17.4,10.8,.670,.071,14,70,0,2,1,33,,.270,.379,.328,.353,.108,89.8,4.9,30.9,5,2.8,43.3,19.2,42.4,55.1,19.1,26.4,
Moreland, Mitch,519048,2021,113,126,18,4,0,5,10,22.2,7.9,.709,.168,17,46,0,0,1,13,,.227,.354,.284,.291,.127,89.1,11,27.3,4,4.5,42,28.3,48.2,51.1,22.7,24.6,
Moustakas, Mike,519058,2021,87,104,12,5,0,4,12,17.3,11.5,.773,.195,13,38,0,0,2,15,,.207,.323,.296,.316,.116,86.5,16.5,30.6,3,4.2,29.2,26,48.4,38.9,22.2,25.6,
Rizzo, Anthony,519203,2021,179,211,28,11,2,5,26,11.8,12.3,.780,.168,22,76,0,4,3,23,,.272,.433,.350,.369,.161,90.9,14.5,31.5,12,7.4,42,18.6,46.6,43.2,26.5,25.4,
Sogard, Eric,519299,2021,106,116,21,3,1,1,8,18.1,6.9,.614,.075,10,34,0,2,0,15,,.190,.269,.231,.244,.079,84.7,8.9,25.3,1,1.1,18.7,11,43.4,50.5,28.6,25.6,
Stanton, Giancarlo,519317,2021,154,171,24,6,0,9,17,29.8,9.9,.795,.214,24,72,0,0,0,16,,.258,.486,.349,.331,.228,98.6,8.6,25.2,18,17.5,65,37.5,46.5,53.4,19.4,24.8,
Vogt, Stephen,519390,2021,85,97,7,4,1,4,12,24.7,12.4,.689,.212,14,34,0,0,0,8,,.195,.364,.290,.293,.168,88.2,21.6,33.9,3,4.8,35.5,31.6,42.3,27.4,38.7,26.5,
Galvis, Freddy,520471,2021,179,200,24,10,1,9,17,22.0,8.5,.779,.218,22,83,0,1,2,28,,.210,.368,.284,.283,.157,88.1,14.4,37.3,9,6.3,32.4,22.7,48.4,38.7,25.4,25.5,
Perez, Salvador,521692,2021,215,225,36,11,0,12,5,25.8,2.2,.795,.219,38,106,0,0,4,24,,.283,.574,.375,.315,.291,92.8,14.5,36.2,23,14.1,55.8,33.7,59.7,38.7,30.1,25.9,
Flores, Wilmer,527038,2021,121,137,21,5,1,3,14,14.6,10.2,.709,.132,16,46,0,1,1,16,,.220,.342,.285,.302,.122,87.3,17.6,30.2,4,3.8,34,15.6,44.2,36.8,30.2,24.7,
Garcia, Avisail,541645,2021,175,194,27,6,0,10,15,25.8,7.7,.766,.206,31,79,2,4,3,27,,.275,.526,.369,.343,.252,91.5,8.1,34.1,17,12.9,49.2,33.9,54.8,51.5,26.5,28.7,
Ozuna, Marcell,542303,2021,188,208,27,6,0,7,19,22.1,9.1,.645,.144,26,67,0,0,1,21,,.268,.471,.350,.339,.203,89.7,14.5,35.2,14,9.9,40.8,27.2,48.5,35.9,29.6,26.5,
Villar, Jonathan,542340,2021,137,155,23,5,1,5,17,23.2,11.0,.744,.161,14,56,4,6,1,21,,.248,.442,.334,.336,.194,88.1,9.9,30.7,9,8.9,33.7,28.1,47.7,48.5,23.8,27.5,
Aguilar, Jesus,542583,2021,189,212,30,9,0,11,18,18.4,8.5,.812,.222,41,92,0,0,1,22,,.291,.523,.362,.347,.232,89.7,18.4,37.7,15,9.3,40.1,24.9,48,34.6,31.5,24.8,
Berti, Jon,542932,2021,119,139,11,6,1,2,18,23.7,12.9,.566,.118,10,34,2,4,1,17,,.216,.335,.296,.317,.119,86.9,0.9,29.8,3,3.2,39.4,24.8,42.2,61.7,12.8,29.8,
Crawford, Brandon,543063,2021,164,188,22,9,0,12,21,23.9,11.2,.888,.274,37,88,0,3,2,32,,.264,.550,.376,.353,.286,90.2,13.2,40,19,15.8,45.8,32.8,50.1,40.8,30,25.3,
Cron, C.J.,543068,2021,138,162,24,7,1,5,20,25.3,12.3,.819,.174,18,61,0,0,4,22,,.266,.457,.362,.373,.191,89.6,14.1,40.4,9,9.1,37.4,31.8,45.6,38.4,30.3,25.8,
Dickerson, Alex,543105,2021,128,141,19,3,1,6,10,20.6,7.1,.704,.180,22,52,0,1,3,17,,.284,.471,.355,.348,.187,86.3,16,35.3,10,9.8,40.2,24.6,49.4,38.2,25.5,26.4,
Gomes, Yan,543228,2021,128,134,22,5,1,5,4,15.7,3.0,.721,.172,17,55,0,0,2,16,,.313,.522,.362,.343,.210,88.2,8.8,35.5,10,9.3,34.6,15.8,49.1,47.7,15.9,26.8,
Grossman, Robbie,543257,2021,199,244,28,9,2,6,37,24.2,15.2,.730,.156,25,76,1,8,3,28,,.233,.406,.338,.357,.173,88.5,20.5,45.3,12,8.1,35.1,23.7,39,28.4,34.5,27.6,
Harrison, Josh,543281,2021,162,182,32,7,0,4,13,12.1,7.1,.729,.117,18,62,3,2,7,18,,.274,.438,.348,.356,.164,86.5,15.2,37.5,7,4.9,33.3,19.4,51,40.3,29.2,26.8,
Hicks, Aaron,543305,2021,108,126,14,3,0,4,14,23.8,11.1,.627,.139,14,36,0,0,2,13,,.242,.425,.334,.339,.183,89.3,19.1,36.3,8,10,38.8,29.3,40.7,33.8,27.5,26.9,
Higashioka, Kyle,543309,2021,73,83,5,4,0,5,10,28.9,12.0,.741,.260,9,33,0,0,0,10,,.212,.456,.325,.304,.244,88.7,18.6,36.5,6,11.5,40.4,32.7,45.2,30.8,34.6,25.5,
Hosmer, Eric,543333,2021,194,212,40,8,0,5,15,14.6,7.1,.722,.119,30,76,1,4,2,18,,.284,.417,.331,.340,.133,90.9,1.6,23.2,8,4.8,47,22.2,49.1,58.9,12.5,25.6,
McCann, James,543510,2021,141,153,23,4,0,5,12,27.5,7.8,.649,.135,19,51,0,0,0,11,,.233,.406,.303,.292,.173,88.7,9.6,33.7,8,7.9,47.5,29.1,47.6,52.5,23.8,26.8,
Miller, Brad,543543,2021,114,125,22,3,1,5,11,34.4,8.8,.783,.175,15,51,0,3,0,18,,.250,.408,.314,.321,.157,91.8,12.7,27.4,7,9.6,49.3,35.7,43.8,47.9,20.5,27.8,
Nola, Austin,543592,2021,46,59,7,2,0,1,8,5.1,13.6,.699,.109,11,15,0,0,4,4,,.243,.378,.351,.393,.135,91.8,14,29.5,1,2.3,45.5,10.1,41.4,45.5,18.2,25.8,
Rendon, Anthony,543685,2021,139,156,23,6,0,3,15,15.4,9.6,.646,.108,21,47,0,0,1,14,,.251,.394,.315,.324,.143,89.9,20.4,32.2,6,5,41.3,15.6,48.6,33.1,31.4,25.1,
Semien, Marcus,543760,2021,224,250,40,13,1,13,25,24.8,10.0,.908,.241,32,121,0,9,0,38,,.244,.449,.334,.321,.205,90.4,20.3,37.3,14,8.4,42.8,25,43.7,31.3,36.7,28.2,
Shaw, Travis,543768,2021,169,192,20,7,0,6,19,25.0,9.9,.630,.148,26,58,0,0,3,14,,.232,.406,.317,.317,.174,87.5,19.6,28.6,10,7.9,38.9,22.4,47.3,36.5,31,25.0,
Vazquez, Christian,543877,2021,175,188,31,10,0,3,11,19.7,5.9,.653,.109,24,63,1,5,0,22,,.238,.365,.281,.280,.127,88,14.8,34.7,6,4.2,36.1,19.2,48,42.4,26.4,25.3,
Wong, Kolten,543939,2021,159,176,28,12,1,4,12,14.8,6.8,.793,.164,15,71,3,5,4,24,,.268,.415,.324,.332,.147,87.6,9.7,34.8,9,6.7,36.3,16.6,47.1,45.9,23.7,27.2,
Gregorius, Didi,544369,2021,118,128,19,4,0,4,5,20.3,3.9,.630,.136,22,43,0,1,2,10,,.209,.292,.234,.248,.084,84.5,20.7,28.4,2,2.1,25.3,26,57.8,36.8,23.2,27.5,
Garcia, Leury,544725,2021,148,166,27,6,1,0,12,24.1,7.2,.561,.054,17,42,1,2,0,21,,.225,.312,.265,.281,.086,85.7,2.9,26.7,4,3.4,28.4,27.1,54.4,58.6,18.1,28.3,
Grichuk, Randal,545341,2021,213,224,34,14,0,12,9,20.5,4.0,.829,.235,42,110,2,0,1,28,,.264,.486,.336,.300,.221,90,16.2,37.3,20,11.8,45,24.8,55.5,37.9,28.4,28.0,
Marisnick, Jake,545350,2021,53,60,5,3,2,4,5,31.7,8.3,.973,.358,14,33,1,2,2,11,,.244,.446,.338,.332,.202,87.3,18.4,44.1,5,14.7,41.2,28.5,48.6,23.5,20.6,28.5,
Trout, Mike,545361,2021,117,146,22,8,1,8,27,28.1,18.5,1.090,.291,18,73,0,2,2,23,,.297,.574,.421,.437,.276,91.9,12.9,38.2,14,18.4,52.6,27.5,39.3,43.4,26.3,29.3,
Herrera, Odubel,546318,2021,123,139,22,6,1,4,12,17.3,8.6,.769,.163,12,53,0,3,2,16,,.256,.374,.311,.328,.118,90,7.6,35.6,4,3.8,46.2,21.5,44.8,51.9,16.3,27.7,
Ruiz, Rio,547004,2021,90,101,9,3,0,3,9,28.7,8.9,.548,.133,6,27,0,2,1,10,,.183,.299,.254,.264,.116,86.6,12.3,27.4,3,4.8,24.2,30.5,53.3,45.2,29,25.2,
Harper, Bryce,547180,2021,138,166,23,8,0,7,25,27.7,15.1,.883,.210,14,67,0,5,3,26,,.284,.585,.413,.401,.301,90.5,12.4,40.6,16,16.7,41.7,34.8,48.8,41.7,18.8,27.6,
Perez, Roberto,547379,2021,61,73,4,1,0,3,11,38.4,15.1,.569,.164,9,18,0,1,1,6,,.201,.378,.319,.332,.177,91.5,2.5,27.3,4,12.1,45.5,37.2,39.1,63.6,15.2,24.4,
Abreu, Jose,547989,2021,191,224,30,7,1,11,22,25.0,9.8,.820,.220,46,91,0,1,6,27,,.251,.507,.368,.346,.256,92.3,8.3,28,17,11.9,50.3,33.3,47,53.1,25.2,26.4,
Diaz, Elias,553869,2021,92,101,10,2,0,1,8,23.8,7.9,.404,.054,6,18,0,0,0,10,,.201,.307,.256,.265,.106,88.1,11.5,31.9,3,4.3,34.8,27.1,51.3,46.4,15.9,25.7,
Narvaez, Omar,553882,2021,123,141,27,7,0,6,13,17.0,9.2,.933,.203,17,65,0,0,4,17,,.294,.501,.384,.383,.207,87.2,17,49,11,10.8,29.4,22.4,50.4,32.4,33.3,24.6,
Astudillo, Willians,553902,2021,106,109,20,4,0,4,0,7.3,0.0,.690,.151,12,44,0,0,2,7,,.256,.393,.282,.267,.137,85.3,19.5,31.4,5,4.9,32.4,8.6,61.1,37.3,24.5,23.6,
Suarez, Eugenio,553993,2021,212,235,15,6,0,13,18,31.5,7.7,.607,.212,28,79,0,0,3,31,,.203,.435,.304,.273,.232,87,16.4,28.5,20,13.9,32.6,32.3,42.7,41,31.9,26.9,
Polanco, Gregory,570256,2021,152,173,21,6,1,5,16,31.2,9.2,.652,.151,17,56,0,5,0,16,,.214,.402,.303,.291,.188,88.8,16.4,33.6,12,11.2,45.8,32.7,47.8,35.5,24.3,27.3,
Gonzalez, Erik,570481,2021,175,183,30,6,0,2,8,16.4,4.4,.537,.069,17,50,0,2,0,14,,.253,.358,.281,.285,.105,87.3,0.8,26.5,5,3.3,33.1,24,56.1,62.9,11.9,27.3,
Urshela, Gio,570482,2021,184,198,33,10,0,6,13,24.2,6.6,.732,.152,26,77,0,1,0,16,,.266,.468,.334,.312,.202,90.2,7.4,38.7,14,9.9,45.1,24.8,54.2,46.5,23.2,25.7,
Schoop, Jonathan,570731,2021,202,221,37,6,1,9,15,22.2,6.8,.752,.173,26,88,0,0,2,23,,.238,.382,.298,.296,.143,88.2,8.9,24.4,12,7.5,39.4,23.7,51,51.9,16.9,27.1,
Arenado, Nolan,571448,2021,226,244,32,18,1,11,14,13.5,5.7,.829,.235,38,115,0,0,2,29,,.269,.438,.320,.317,.169,88.3,19.8,37.7,14,7,37.2,18,47.6,31.7,27.1,25.4,
Barnhart, Tucker,571466,2021,136,156,22,12,0,3,15,29.5,9.6,.785,.154,19,58,0,0,4,24,,.219,.362,.301,.316,.143,88.5,15.1,46.7,5,5.4,34.8,28.5,46.2,38,29.3,24.5,
Farmer, Kyle,571657,2021,146,161,23,3,0,4,8,16.8,5.0,.582,.103,17,45,2,1,6,14,,.240,.374,.298,.304,.134,87.3,15.2,31.7,5,4.2,33.3,19.9,47.2,40.8,30,26.9,
Hamilton, Billy,571740,2021,66,72,8,3,2,2,3,30.6,4.2,.674,.197,10,28,0,5,0,13,,.209,.304,.240,.241,.094,86.7,17.6,40.8,1,2,22.4,28.4,56.3,40.8,30.6,29.7,
Haniger, Mitch,571745,2021,225,245,29,15,1,14,17,23.3,6.9,.835,.262,37,118,0,0,0,38,,.267,.513,.352,.315,.246,89,15.3,28.3,23,13.3,43.4,31,47.6,46.2,30.1,26.8,
Hernandez, Enrique,571771,2021,166,180,23,9,1,5,11,22.2,6.1,.669,.157,13,64,0,1,2,27,,.215,.383,.284,.270,.169,89.7,17.4,25.8,9,7,34.4,23.6,45.4,41.4,30.5,27.3,
Holt, Brock,571788,2021,77,89,13,4,0,1,11,22.5,12.4,.662,.091,10,25,0,2,1,6,,.228,.317,.293,.326,.090,88.1,10.3,35.5,1,1.6,22.6,18.8,36.6,45.2,30.6,25.5,
Lamb, Jake,571875,2021,51,62,9,2,0,3,10,25.8,16.1,.893,.216,6,25,0,0,1,12,,.271,.483,.377,.387,.213,93.2,16.6,35,4,10,46.2,25,41,42.5,22.5,25.8,
Muncy, Max,571970,2021,181,231,27,7,1,13,45,20.8,19.5,.955,.265,30,96,0,1,5,39,,.290,.582,.431,.443,.291,91,13.2,37.3,21,15.7,41,23.8,33.9,41.8,29.1,27.2,
Myers, Wil,571976,2021,157,176,27,7,0,6,18,22.7,10.2,.744,.159,23,65,3,4,0,19,,.216,.377,.295,.298,.161,85.7,7,27.7,9,7.6,37.8,28.9,45.2,49.6,27.7,28.3,
Naquin, Tyler,571980,2021,166,188,23,8,0,11,16,24.5,8.5,.830,.247,38,83,1,4,4,20,,.261,.513,.361,.338,.251,91.5,12.4,29.3,16,13,46.3,26.3,54.5,44.7,28.5,27.4,
Piscotty, Stephen,572039,2021,120,132,16,6,0,4,11,23.5,8.3,.655,.150,11,44,0,1,1,11,,.243,.425,.320,.312,.183,86,17.4,38.2,9,10.1,40.4,24.5,52.1,36,28.1,25.7,
Pollock, AJ,572041,2021,99,108,18,5,0,4,8,23.1,7.4,.778,.172,18,44,0,2,1,14,,.269,.451,.331,.328,.182,92,14.2,31.2,7,9.1,49.4,21.5,54,41.6,22.1,28.1,
Seager, Kyle,572122,2021,224,247,22,14,1,11,18,23.9,7.3,.712,.219,34,97,0,2,3,22,,.245,.503,.344,.310,.258,90.6,19.5,37.3,23,13.6,46.2,30.6,50.3,30.2,37.3,25.7,
Taylor, Michael A.,572191,2021,165,178,32,5,1,5,11,33.7,6.2,.703,.133,22,65,2,4,1,23,,.234,.390,.292,.283,.155,89.3,11.8,32.4,8,7.4,38.9,40.5,53.6,47.2,22.2,28.4,
Voit III, Luke,572228,2021,44,50,7,0,0,1,5,30.0,10.0,.530,.068,3,11,0,0,1,4,,.209,.317,.282,.304,.108,86.5,7.7,13.8,2,6.9,31,43.6,55.6,55.2,17.2,24.3,
Walker, Christian,572233,2021,84,91,12,2,1,1,6,20.9,6.6,.516,.083,8,23,0,0,0,8,,.239,.352,.277,.283,.112,88.4,18.3,27.8,3,4.2,38.9,26.5,57.5,38.9,26.4,27.3,
Zunino, Mike,572287,2021,119,132,8,4,0,12,11,40.2,8.3,.818,.336,24,64,0,0,2,21,,.212,.553,.357,.298,.342,91.1,28.2,33.8,18,26.5,42.6,42.6,47.1,29.4,26.5,25.9,
Carpenter, Matt,572761,2021,92,111,7,4,0,3,16,30.6,14.4,.582,.141,11,27,0,1,2,10,,.239,.500,.365,.359,.262,91,20.4,45,11,18.3,46.7,30.6,41.3,31.7,48.3,26.0,
Dickerson, Corey,572816,2021,172,190,33,10,2,2,14,21.1,7.4,.726,.116,12,67,3,2,3,23,,.246,.377,.304,.311,.130,86.4,8.8,32.1,4,2.9,33.6,25.4,52.2,49.6,19,27.5,
Ruf, Darin,573131,2021,82,100,10,4,0,6,16,29.0,16.0,.882,.268,15,42,1,1,1,17,,.277,.538,.392,.397,.261,95,9.7,38.9,9,16.7,57.4,26.7,37.9,44.4,25.9,26.3,
Yastrzemski, Mike,573262,2021,158,184,12,15,2,6,23,24.5,12.5,.787,.234,15,72,0,1,3,25,,.211,.396,.313,.322,.185,89.9,13.8,31,10,8.8,42.5,22.8,41.1,40.7,32.7,27.2,
Contreras, Willson,575929,2021,175,205,29,5,0,9,22,28.3,10.7,.775,.183,24,75,2,3,6,28,,.234,.413,.330,.337,.178,89.9,9.1,26.7,10,8.3,40.8,32.9,43,54.2,22.5,27.3,
Iglesias, Jose,578428,2021,164,172,35,6,0,4,6,15.7,3.5,.692,.110,16,63,1,2,2,21,,.271,.373,.298,.304,.102,85.7,9.1,30.5,5,3.5,31.2,19.3,54.3,45.4,19.9,27.7,
Bryant, Kris,592178,2021,200,228,32,16,1,13,24,22.4,10.5,.985,.285,38,119,2,3,3,38,,.275,.495,.366,.358,.220,87.3,13.2,35.5,18,11.8,41.4,26,46.2,39.5,29.6,27.5,
Canha, Mark,592192,2021,212,259,33,10,2,11,34,20.5,13.1,.880,.222,22,103,1,7,12,47,,.256,.475,.374,.385,.219,88.5,16.6,42.6,19,11.7,40.7,20.9,38.8,37.7,27.2,27.8,
Casali, Curt,592200,2021,67,80,6,1,0,0,11,30.0,13.8,.369,.015,6,8,0,0,2,5,,.170,.303,.274,.305,.132,85.9,22.3,30.2,2,4.7,37.2,28.9,42.6,34.9,34.9,24.2,
Castellanos, Nick,592206,2021,204,224,44,18,1,12,18,17.9,8.0,1.066,.275,31,131,1,1,2,37,,.334,.596,.417,.392,.261,90.9,12.1,45.5,16,9.6,52.1,30.3,54.8,39.5,24,27.5,
Gamel, Ben,592325,2021,67,76,6,5,1,0,7,30.3,9.2,.534,.104,3,19,0,0,0,7,,.216,.332,.280,.291,.116,89.9,19.1,41.5,4,7.5,35.8,23.8,43.1,30.2,32.1,27.4,
Goodrum, Niko,592348,2021,158,178,25,4,1,4,17,37.1,9.6,.627,.114,12,52,3,9,2,22,,.200,.350,.288,.286,.150,88.9,15.3,37.1,10,10.3,43.3,39.7,48.4,34,37.1,28.2,
Jones, JaCoby,592444,2021,100,105,13,2,0,2,5,40.0,4.8,.460,.080,9,25,2,2,0,9,,.200,.349,.255,.238,.148,89.4,10.3,41.4,5,8.6,36.2,36.7,52.3,44.8,20.7,27.4,
Judge, Aaron,592450,2021,193,227,35,7,0,14,32,25.6,14.1,.936,.254,31,105,0,0,1,30,,.339,.643,.451,.436,.304,97,11.5,42.7,27,18.9,58,27.7,43.3,39.9,28,27.3,
Machado, Manny,592518,2021,194,224,28,8,2,7,28,19.2,12.5,.728,.170,33,78,3,6,0,27,,.252,.445,.343,.346,.192,93.6,13,29.4,15,9.8,54.2,24.4,42.7,44.4,22.9,25.7,
Marmolejos, Jose,592530,2021,79,94,6,2,0,3,14,34.0,14.9,.544,.139,9,22,0,0,0,8,,.171,.346,.284,.293,.175,90,22.6,35.4,5,10.4,39.6,31.1,43.6,27.1,33.3,25.2,
Moran, Colin,592567,2021,111,122,22,7,0,4,10,27.9,8.2,.821,.171,19,52,0,1,0,10,,.263,.419,.320,.320,.156,88.9,8.1,40.7,7,8.6,34.6,26.4,44.5,46.9,19.8,24.2,
Pederson, Joc,592626,2021,154,176,25,3,2,6,15,27.3,8.5,.709,.162,21,61,2,0,4,18,,.244,.420,.333,.329,.176,92.2,16.7,28.4,12,11,51.4,26.1,49.4,36.7,30.3,26.9,
Realmuto, J.T.,592663,2021,129,156,24,8,1,4,20,23.7,12.8,.855,.171,20,59,2,4,5,19,,.292,.507,.401,.411,.215,90.3,9.6,34.4,11,11.5,45.8,27.9,42.6,51,20.8,28.4,
Renfroe, Hunter,592669,2021,166,177,26,11,0,7,9,25.4,5.1,.757,.193,24,76,1,0,0,27,,.257,.476,.332,.304,.220,91.5,14.9,40.2,15,11.8,41.7,28.3,50.8,39.4,22.8,27.3,
Rosario, Eddie,592696,2021,194,211,33,8,1,4,13,16.6,6.2,.635,.113,30,68,1,6,1,19,,.241,.395,.306,.297,.153,88.2,13.3,34.1,8,4.9,36,20,52.4,42.1,23.2,27.1,
Simmons, Andrelton,592743,2021,144,161,29,5,0,2,16,18.6,9.9,.656,.076,13,47,0,0,1,16,,.255,.312,.295,.336,.057,83.3,-2.9,30.8,1,0.9,26.5,19.5,42.1,59.8,14.5,26.4,
Wilkerson, Stevie,592859,2021,50,54,6,3,0,0,3,33.3,5.6,.481,.060,2,12,0,2,1,3,,.180,.254,.225,.240,.074,86.4,6.6,34.4,0,0,31.3,32,48.3,53.1,15.6,26.8,
Yelich, Christian,592885,2021,79,96,16,1,1,2,16,32.3,16.7,.753,.114,6,29,1,4,1,19,,.233,.416,.351,.373,.184,91.3,2.9,28.8,6,11.5,51.9,29.1,38.5,53.8,17.3,28.3,
Merrifield, Whit,593160,2021,213,239,38,13,0,5,18,10.0,7.5,.717,.131,34,84,1,17,3,37,,.277,.425,.328,.335,.148,87.2,13,37.3,8,4,30.8,12.8,48.6,43.8,25.9,28.8,
Bogaerts, Xander,593428,2021,203,224,38,15,0,10,18,19.6,8.0,.903,.222,31,108,0,4,2,33,,.300,.502,.372,.363,.202,88.6,9.5,39.9,17,10.1,41.7,23.6,46.7,41.1,20.2,27.5,
Alberto, Hanser,593643,2021,90,94,15,7,2,0,0,12.8,0.0,.655,.122,7,35,1,0,1,10,,.266,.373,.281,.275,.107,84,14.9,30.6,2,2.4,20,18.4,65.2,40,24.7,26.9,
Polanco, Jorge,593871,2021,189,214,24,12,1,6,20,17.8,9.3,.701,.169,23,75,1,3,2,28,,.270,.471,.351,.342,.201,89.3,15.9,33.3,15,9.3,37.3,17,45.7,37.7,27.2,27.4,
Sano, Miguel,593934,2021,142,163,9,3,0,11,20,38.0,12.3,.685,.254,26,59,0,0,1,19,,.175,.377,.291,.281,.202,91.1,22.9,31.3,13,15.7,47,41.7,43.1,31.3,32.5,26.6,
Difo, Wilmer,594694,2021,81,86,14,3,2,1,5,27.9,5.8,.661,.123,6,30,0,0,0,7,,.217,.314,.255,.262,.097,83.2,12.9,40.4,2,3.5,28.1,31.1,50.5,35.1,28.1,28.2,
Calhoun, Kole,594777,2021,48,51,9,3,0,2,3,25.5,5.9,.813,.188,5,23,0,1,0,6,,.222,.446,.303,.268,.224,89.4,14.5,42.9,3,8.6,48.6,36.3,50.7,37.1,25.7,25.6,
Duvall, Adam,594807,2021,171,184,19,5,1,9,11,32.6,6.0,.648,.199,33,68,0,2,1,19,,.212,.458,.303,.261,.246,91.7,22.1,28.4,16,13.8,51.7,29.3,48.1,32.8,41.4,28.3,
Eaton, Adam,594809,2021,150,176,17,7,1,5,17,25.6,9.7,.655,.160,26,54,0,2,5,26,,.222,.344,.300,.322,.122,88.4,6.7,31.9,7,6.2,40.7,24.7,46.6,54,21.2,28.1,
Gosselin, Phil,594838,2021,62,66,12,5,0,1,3,28.8,4.5,.753,.129,8,26,1,0,1,5,,.233,.391,.293,.280,.157,89.6,8.4,30.2,3,7,39.5,30.5,46.6,46.5,32.6,28.5,
Kiermaier, Kevin,595281,2021,119,128,17,5,1,1,8,32.0,6.3,.544,.084,6,34,1,3,1,17,,.217,.310,.256,.270,.093,89.2,0.5,26.8,4,4.9,42,32.3,54.2,58.5,15.9,29.0,
Knapp, Andrew,595284,2021,81,88,11,1,0,1,6,35.2,6.8,.426,.049,9,17,0,0,0,7,,.186,.296,.239,.240,.110,84.9,15,27.5,2,3.9,29.4,34.9,56,43.1,31.4,27.0,
Wallach, Chad,595453,2021,59,65,9,2,1,0,3,47.7,4.6,.517,.068,6,16,0,0,1,2,,.115,.163,.166,.177,.048,84.9,8.1,33.3,1,3.3,36.7,44.7,49.3,56.7,26.7,24.1,
Alfaro, Jorge,595751,2021,59,63,11,1,0,2,2,30.2,3.2,.642,.119,7,21,0,1,2,4,,.250,.466,.326,.295,.216,94.4,7,33.3,6,14.3,50,35.3,57.7,50,21.4,28.0,
Profar, Jurickson,595777,2021,176,206,33,6,1,1,25,16.0,12.1,.621,.063,17,52,1,9,1,28,,.234,.300,.289,.332,.066,85.8,12.4,28.9,1,0.7,30.9,17.5,44.5,49,22.8,26.3,
Baez, Javier,595879,2021,200,214,29,5,1,14,7,37.4,3.3,.770,.245,39,98,1,9,4,32,,.216,.434,.297,.257,.217,89.4,11.1,27,17,13.5,42.9,39.7,56.6,49.2,26.2,28.2,
Cave, Jake,595909,2021,84,93,8,5,0,1,6,37.6,6.5,.498,.095,2,22,0,1,2,8,,.197,.300,.255,.267,.103,87.5,5.7,36,2,4,38,33.5,47.5,62,10,28.0,
Evans, Phillip,595943,2021,111,129,17,3,0,4,14,22.5,10.9,.677,.135,8,39,0,1,4,14,,.279,.443,.362,.379,.165,92,5.9,30.5,7,8.5,52.4,26.2,44.6,54.9,17.1,27.6,
Hedges, Austin,595978,2021,89,98,9,1,0,3,6,36.7,6.1,.452,.112,7,23,0,0,0,7,,.155,.233,.194,.209,.078,85.1,23.6,32.1,2,3.6,25,34.2,54.8,33.9,25,24.2,
Lindor, Francisco,596019,2021,189,218,29,7,1,5,23,16.5,10.6,.657,.127,13,66,1,4,2,29,,.236,.390,.317,.324,.154,90,11.3,31.3,10,6.3,41.3,21.4,46.1,48.1,25.6,27.8,
Odor, Rougned,596059,2021,106,119,12,3,0,5,10,26.1,8.4,.636,.170,13,38,0,0,3,12,,.219,.381,.300,.301,.162,88.9,19.2,34.2,5,6.3,39.2,29,50.2,43,21.5,26.0,
Slater, Austin,596103,2021,129,147,18,2,1,7,18,33.3,12.2,.724,.194,17,53,2,7,0,18,,.235,.406,.324,.328,.172,86.3,6.1,37,8,9.9,42,32.3,42.2,55.6,24.7,28.2,
Story, Trevor,596115,2021,184,205,28,12,2,5,18,22.4,8.8,.746,.168,23,78,4,8,1,26,,.260,.462,.337,.328,.202,89.1,16.1,40.7,12,8.6,37.4,25.6,47.8,35.7,27.1,28.6,
Vogelbach, Daniel,596129,2021,115,135,16,4,0,4,20,21.5,14.8,.674,.139,10,40,0,0,0,14,,.238,.374,.320,.347,.136,90.6,12.7,35.2,6,6.8,44.3,21.6,33.3,45.5,22.7,24.6,
Sanchez, Gary,596142,2021,134,158,16,5,0,6,21,29.7,13.3,.696,.172,13,50,0,0,3,16,,.228,.432,.336,.346,.204,90.7,19.2,34.1,10,11,44,35.7,44.8,40.7,26.4,25.9,
Kepler, Max,596146,2021,132,152,12,9,2,5,16,18.4,10.5,.727,.212,22,56,0,5,2,20,,.261,.467,.350,.347,.206,91.5,19.2,34.9,11,10.4,47.2,23.7,44.1,35.8,24.5,27.4,
Quinn, Roman,596451,2021,52,62,5,2,2,0,6,30.6,9.7,.595,.115,2,15,3,4,4,8,,.212,.289,.296,.339,.077,86.4,11.2,33.3,1,3,27.3,30.1,40.4,48.5,15.2,30.0,
Franco, Maikel,596748,2021,212,226,23,13,0,6,13,15.0,5.8,.588,.146,26,73,0,0,0,16,,.227,.335,.266,.269,.108,87.5,8.2,26.6,8,4.3,30.4,22,50.4,50,17.9,25.3,
Choi, Ji-Man,596847,2021,46,58,8,4,0,2,11,32.8,19.0,.970,.217,11,24,0,0,1,8,,.279,.517,.408,.428,.238,93.7,19.8,55.6,4,14.8,55.6,33.7,37.4,22.2,25.9,24.8,
Bradley Jr., Jackie,598265,2021,166,182,15,3,2,4,8,33.0,4.4,.468,.114,13,43,1,2,6,16,,.197,.307,.260,.263,.110,89.7,11.3,24.3,7,6.3,43.2,35.7,48.2,49.5,26.1,27.3,
La Stella, Tommy,600303,2021,68,75,11,3,1,1,6,13.3,8.0,.646,.118,5,24,0,0,0,8,,.283,.443,.341,.341,.161,88.9,9.9,31,4,6.9,37.9,12.6,37.3,50,24.1,25.4,
Severino, Pedro,600474,2021,138,152,25,5,0,2,14,22.4,9.2,.614,.080,8,43,0,0,0,10,,.238,.344,.288,.308,.106,86.6,15.7,23.1,3,2.9,34.6,27.8,51,42.3,23.1,26.2,
Candelario, Jeimer,600869,2021,210,233,39,13,0,4,22,25.8,9.4,.725,.119,18,81,0,0,1,27,,.250,.401,.316,.321,.151,88.7,13.8,38.7,14,9,39.4,26.1,46.5,38.1,27.7,27.0,
Daza, Yonathan,602074,2021,136,149,38,5,1,1,9,19.5,6.0,.767,.074,13,55,0,2,0,11,,.269,.337,.296,.321,.069,84.6,6.9,33.3,2,1.8,21.9,23.5,49.8,52.6,21.9,28.0,
Urias, Ramon,602104,2021,53,59,9,2,0,1,5,28.8,8.5,.626,.094,6,17,1,0,1,6,,.229,.375,.305,.314,.145,89.2,8.5,23.1,5,12.8,41,24.8,46,53.8,20.5,26.8,
Ahmed, Nick,605113,2021,159,175,22,10,1,1,14,25.7,8.0,.588,.094,8,49,1,3,1,14,,.191,.271,.239,.257,.080,87.4,15.6,26.1,3,2.5,26.9,31.9,47.8,46.2,22.7,27.6,
Anderson, Brian,605119,2021,124,136,22,6,0,3,12,26.5,8.8,.687,.121,11,46,0,3,0,13,,.218,.385,.291,.287,.167,88.9,11.2,34.1,8,9.1,38.6,28.6,51.6,48.9,22.7,26.9,
Barnes, Austin,605131,2021,87,102,13,5,0,2,13,24.5,12.7,.690,.126,14,31,0,0,1,10,,.215,.288,.283,.324,.073,84.5,15.6,30.2,2,3.2,25.4,26,42.3,42.9,31.7,26.9,
Bell, Josh,605137,2021,152,166,18,7,0,8,12,24.7,7.2,.698,.204,24,64,0,0,1,28,,.246,.441,.327,.310,.196,93.1,7.5,27,10,8.7,53.9,26.4,49.2,50.4,24.3,25.9,
Betts, Mookie,605141,2021,190,227,25,18,1,5,29,15.0,12.8,.817,.184,20,84,3,5,7,31,,.268,.421,.356,.383,.153,89.1,18.1,34.4,10,6.3,40,17.3,39.9,36.3,25,27.3,
Caratini, Victor,605170,2021,123,141,18,4,0,4,15,29.1,10.6,.646,.130,22,42,0,2,2,16,,.210,.366,.296,.307,.156,91.2,10.6,37.3,7,8.4,44.6,30.6,42.4,43.4,26.5,25.3,
Garcia, Aramis,605244,2021,56,61,8,1,0,2,1,29.5,1.6,.551,.125,4,18,0,0,2,5,,.211,.334,.256,.251,.124,88.7,10.9,27.5,2,5,32.5,30.3,52.2,52.5,27.5,25.8,
Panik, Joe,605412,2021,79,82,15,4,0,2,2,14.6,2.4,.673,.127,11,31,0,0,0,6,,.273,.399,.296,.287,.125,84.8,4.9,38.9,3,4.2,23.6,16.9,43.3,47.2,16.7,26.7,
Perez, Michael,605421,2021,63,69,4,2,0,3,5,36.2,7.2,.535,.175,7,20,0,0,1,6,,.187,.321,.249,.255,.134,87.3,15.5,29.3,3,7.3,31.7,26.7,48.4,43.9,34.1,24.6,
Castro, Harold,605612,2021,98,106,29,1,0,0,7,18.9,6.6,.665,.010,11,31,0,0,0,6,,.319,.441,.351,.364,.122,88.4,7.3,46.8,0,0,41.8,29.9,52.7,46.8,15.2,25.6,
Tapia, Raimel,606132,2021,214,233,45,10,0,5,17,13.3,7.3,.728,.117,30,85,3,5,0,29,,.264,.345,.291,.315,.080,86.4,-0.5,23.4,4,2.1,31.4,15,52.5,62.8,17,28.3,
Hernandez, Teoscar,606192,2021,156,170,35,5,0,8,14,25.3,8.2,.858,.186,30,77,2,4,0,22,,.291,.539,.375,.348,.247,92.4,13.5,42.6,17,14.8,47.8,30.4,51.6,32.2,27.8,28.4,
Mercedes, Yermin,606213,2021,186,204,41,7,1,7,16,16.7,7.8,.820,.161,31,86,1,0,1,19,,.260,.456,.334,.322,.195,87.6,15.9,34.2,12,7.6,30.4,20.5,54.3,41.1,27.8,26.2,
Peraza, Jose,606299,2021,74,80,10,3,0,3,5,11.3,6.3,.653,.162,10,28,0,0,1,9,,.228,.349,.279,.283,.121,86,17.7,29.4,3,4.4,26.5,18.1,51.8,44.1,30.9,27.4,
Marte, Ketel,606466,2021,80,87,17,7,0,4,6,16.1,6.9,.978,.238,13,47,0,0,0,14,,.347,.515,.394,.393,.169,91.7,5.6,29.3,4,5.3,52,17.6,42.4,54.7,10.7,26.8,
Haase, Eric,606992,2021,63,69,7,2,1,7,5,30.4,7.2,1.000,.397,11,42,0,0,1,14,,.274,.598,.389,.333,.325,91.7,17.8,46.5,9,20.9,55.8,34.6,43.8,32.6,37.2,27.9,
Nimmo, Brandon,607043,2021,66,80,15,5,0,1,12,27.5,15.0,.864,.121,8,29,1,2,1,7,,.265,.386,.348,.387,.121,88.3,1.4,33.3,3,6.7,37.8,27.4,41.5,57.8,17.8,28.8,
Turner, Trea,607208,2021,219,237,47,11,0,10,13,21.1,5.5,.852,.187,28,109,2,13,3,30,,.283,.463,.346,.330,.180,88.6,8.5,33,12,6.7,45.3,22.8,48.1,48.6,23.5,30.9,
Beaty, Matt,607461,2021,91,104,20,3,0,3,10,18.3,9.6,.793,.132,26,38,1,0,3,17,,.251,.351,.315,.345,.100,86.8,6.3,29.2,1,1.4,33.3,21.1,43.1,47.2,20.8,27.3,
Blandino, Alex,607468,2021,70,82,10,4,0,0,8,34.1,9.8,.574,.057,5,18,0,1,4,9,,.178,.253,.262,.299,.075,85.4,13.6,33.3,0,0,31,31,35.3,35.7,21.4,25.0,
Pillar, Kevin,607680,2021,101,106,19,3,1,2,3,21.7,2.8,.639,.109,9,36,2,2,2,12,,.230,.368,.275,.266,.138,86.9,25.8,30.8,3,3.8,37.2,22.2,55.1,28.2,32.1,27.3,
Stallings, Jacob,607732,2021,140,161,19,10,1,4,20,20.5,12.4,.756,.171,22,58,0,0,1,14,,.241,.419,.332,.338,.178,87.9,9.4,39.4,9,8.3,36.7,26.7,41.7,43.1,23.9,23.4,
Ramirez, Jose,608070,2021,199,229,26,12,1,13,24,13.5,10.5,.873,.266,31,105,1,6,3,39,,.301,.555,.398,.386,.254,91.3,18.4,35.8,21,12.1,48,18,44.5,32.9,29.5,28.1,
Bregman, Alex,608324,2021,190,218,39,10,0,6,26,15.1,11.9,.818,.147,29,83,0,0,2,31,,.262,.407,.331,.353,.146,88.3,15.6,32.1,8,4.8,37,15.3,41.8,44.8,24.2,25.7,
Gallo, Joey,608336,2021,192,237,25,5,0,10,42,33.3,17.7,.749,.182,26,75,0,4,3,31,,.212,.445,.357,.369,.233,91.3,20.1,31.6,17,14.9,39.5,41,42.2,40.4,28.9,27.0,
Kelly, Carson,608348,2021,113,146,21,4,0,6,25,19.9,17.1,.880,.195,21,53,0,0,4,18,,.278,.517,.401,.413,.239,88.1,18.1,38.7,11,11.8,36.6,27.2,41.5,33.3,30.1,24.8,
Seager, Corey,608369,2021,147,169,26,7,2,4,19,17.2,11.2,.783,.156,22,62,0,1,3,20,,.292,.501,.381,.384,.208,91.5,8.6,32.2,10,8.5,51.7,30.7,54.6,50,18.6,26.4,
Winker, Jesse,608385,2021,196,216,42,10,1,14,18,18.5,8.3,1.020,.276,31,121,0,0,2,41,,.318,.596,.412,.383,.278,91.9,13.3,40,21,13.1,53.8,21.1,43.4,41.3,25.6,25.8,
Mazara, Nomar,608577,2021,96,105,13,3,1,2,9,24.8,8.6,.579,.115,12,30,0,0,0,8,,.202,.360,.272,.265,.158,91.2,9.4,31.1,8,10.8,44.6,29.7,45.6,50,24.3,26.1,
Murphy, Tom,608596,2021,106,117,8,4,0,6,8,36.8,6.8,.600,.208,11,40,0,0,0,14,,.183,.388,.268,.238,.205,90.5,20.7,33.3,8,12.1,39.4,41,47.3,36.4,34.8,27.0,
Plawecki, Kevin,608700,2021,50,55,9,3,0,1,3,14.5,5.5,.689,.120,3,19,0,0,1,5,,.268,.474,.347,.331,.206,89.9,12.1,33.3,3,6.7,44.4,15.1,45.4,42.2,24.4,25.7,
Refsnyder, Rob,608701,2021,50,55,11,3,0,2,4,27.3,7.3,.864,.180,9,25,0,0,0,10,,.283,.519,.357,.330,.236,90.6,12.9,41.7,5,13.9,45.7,30.6,47.6,33.3,38.9,27.1,
Andujar, Miguel,609280,2021,77,77,15,1,0,2,0,26.0,0.0,.558,.091,4,25,0,0,0,6,,.257,.422,.289,.257,.165,89.2,6.5,34.9,5,7.9,46,23.9,56.4,54,20.6,27.4,
Cordero, Franchy,614173,2021,95,102,10,6,0,1,6,36.3,5.9,.499,.095,9,26,0,1,0,9,,.190,.303,.240,.238,.113,90.1,4.3,30.5,3,5.1,40.7,40.1,54.9,50.8,18.6,28.3,
Reyes, Franmil,614177,2021,144,158,15,9,2,11,12,30.4,7.6,.893,.319,29,83,0,1,1,21,,.256,.559,.370,.318,.303,93.7,8.3,29.9,20,20.6,53.6,33.9,47.8,52.6,25.8,26.1,
Torrens, Luis,620443,2021,90,96,9,5,0,2,4,26.0,4.2,.519,.122,6,27,0,0,1,7,,.221,.374,.275,.261,.153,90.1,5.5,28.8,6,9.1,33.3,27.5,47.2,59.1,16.7,26.3,
Robertson, Daniel,621002,2021,46,53,3,2,0,1,5,30.2,9.4,.466,.109,1,11,0,0,1,6,,.178,.335,.270,.283,.156,85.6,11,21.9,3,9.4,31.3,27.2,41.1,50,31.3,26.4,
Swanson, Dansby,621020,2021,202,223,26,12,1,9,14,28.3,6.3,.732,.203,25,89,3,2,3,22,,.253,.484,.338,.309,.230,89.8,15,39.6,17,11.4,46.3,31.3,50.7,36.9,31.5,28.2,
Newman, Kevin,621028,2021,193,203,34,5,1,1,9,5.9,4.4,.511,.052,10,51,0,1,0,19,,.247,.320,.266,.279,.073,84.8,7.3,31,2,1.1,22.3,11.7,44.2,47.8,21.2,28.2,
Taylor, Chris,621035,2021,178,214,32,8,3,7,30,24.8,14.0,.879,.197,31,85,0,6,6,44,,.263,.464,.370,.384,.202,89,13.5,39.8,12,9.4,39.8,31.4,44.5,42.2,25.8,28.5,
Correa, Carlos,621043,2021,210,240,37,13,0,10,28,15.4,11.7,.861,.205,32,103,0,0,1,37,,.293,.466,.364,.378,.173,90,13.3,31.5,14,7.9,43.3,22.3,42,43.8,22.5,27.2,
Dahl, David,621311,2021,144,154,19,7,0,4,6,26.6,3.9,.581,.132,12,49,1,1,1,16,,.242,.421,.299,.275,.179,88.4,14,38.7,9,8.5,37.7,27,51.7,46.2,20.8,27.7,
Phillips, Brett,621433,2021,110,128,16,5,0,3,15,41.4,11.7,.650,.127,15,38,2,7,0,15,,.194,.325,.276,.292,.132,86.9,9.6,34.4,4,6.6,41,34.1,41.5,47.5,21.3,27.9,
Taylor, Tyrone,621438,2021,82,92,10,3,0,5,5,22.8,5.4,.743,.220,14,36,1,1,5,6,,.248,.479,.348,.325,.232,87.2,18.2,32.3,8,12.3,36.9,22.8,50,38.5,24.6,28.8,
Buxton, Byron,621439,2021,92,98,15,10,0,9,4,23.5,4.1,1.180,.402,17,71,0,5,2,19,,.326,.696,.444,.368,.369,94.2,9.3,36.2,15,21.7,60.9,30.9,55.9,46.4,27.5,29.8,
Brinson, Lewis,621446,2021,63,64,9,3,0,2,1,29.7,1.6,.599,.143,5,23,0,0,0,3,,.238,.357,.263,.250,.119,89.6,11.7,27.3,3,6.8,40.9,36.1,58.1,47.7,13.6,28.8,
Duggar, Steven,621453,2021,79,85,14,5,1,4,6,37.6,7.1,.897,.241,14,43,0,1,0,15,,.234,.490,.334,.295,.257,90.3,16,40.8,7,14.3,40.8,31.3,41.1,34.7,30.6,28.4,
Rios, Edwin,621458,2021,51,60,3,0,0,1,7,30.0,11.7,.354,.059,1,7,0,0,2,4,,.136,.294,.257,.265,.159,90,11.1,27.3,4,12.1,45.5,31.2,46.4,42.4,39.4,26.3,
Stewart, DJ,621466,2021,128,150,16,5,0,6,20,24.7,13.3,.717,.180,18,50,0,0,2,17,,.228,.405,.330,.343,.177,87.2,18.8,34,7,7.4,31.9,30.7,49.1,35.1,29.8,26.6,
Ward, Taylor,621493,2021,91,103,13,3,0,5,7,26.2,6.8,.730,.198,16,39,1,1,3,15,,.237,.447,.327,.315,.210,89.2,14.3,35.3,9,13.2,38.2,27.6,46.1,45.6,33.8,28.3,
Mathisen, Wyatt,621500,2021,42,51,4,0,0,1,5,41.2,9.8,.445,.071,8,8,0,0,3,3,,.181,.286,.275,.306,.106,86.8,23.7,31.8,1,4.5,40.9,43.5,46.2,22.7,18.2,,
Nido, Tomas,621512,2021,66,71,11,2,1,3,3,22.5,4.2,.764,.197,11,30,0,0,2,9,,.270,.475,.343,.322,.205,88,8.7,38,5,10,42,35.1,62.4,46,26,25.3,
Wendle, Joey,621563,2021,173,189,27,16,1,6,11,20.1,5.8,.841,.208,26,86,3,4,4,35,,.233,.355,.286,.294,.122,87.1,7.7,30,7,5,35.3,24.4,48.2,47.9,23.6,27.7,
Olson, Matt,621566,2021,194,226,25,14,0,15,25,16.8,11.1,.950,.304,40,113,1,0,4,37,,.265,.539,.382,.359,.274,92.8,15.9,29.4,22,13.5,50.3,23.3,46.4,41.7,31.3,25.8,
Duffy, Matt,622110,2021,90,106,20,4,0,1,11,17.0,10.4,.733,.078,12,32,0,3,4,16,,.297,.426,.363,.394,.129,87.6,6.8,38.4,3,4.1,42.5,11.1,37.6,49.3,17.8,26.6,
Walton, Donovan,622268,2021,53,56,8,1,1,1,1,23.2,1.8,.535,.113,5,17,0,1,0,2,,.234,.358,.266,.261,.124,87.8,12,35.6,4,8.9,20,25.9,55.2,48.9,24.4,26.9,
Margot, Manuel,622534,2021,182,193,29,8,2,5,10,15.5,5.2,.670,.148,32,71,4,6,0,20,,.264,.407,.306,.299,.144,88,11,31.1,9,5.6,41.6,20.3,52.1,46,24.2,28.8,
Reyes, Victor,622682,2021,83,86,7,4,1,1,3,29.1,3.5,.451,.108,4,22,0,2,0,9,,.236,.345,.265,.263,.108,89.1,8.1,36.2,2,3.4,29.3,30,58.1,48.3,19,28.4,
Mateo, Jorge,622761,2021,69,74,11,3,0,1,1,24.3,1.4,.561,.087,5,21,0,2,3,7,,.222,.315,.258,.264,.093,84.5,8.7,41.5,3,5.7,28.3,29.5,49.8,47.2,18.9,31.0,
Bote, David,623520,2021,144,162,19,5,0,5,13,22.2,8.0,.618,.139,23,49,1,0,3,16,,.263,.487,.355,.336,.224,90.1,7.4,29.1,15,13.6,45.5,27.5,46.1,50.9,24.5,27.3,
Ramirez, Harold,623912,2021,94,100,15,7,1,3,4,12.0,4.0,.788,.191,13,44,0,2,2,13,,.335,.537,.394,.380,.202,94.1,3.3,27.1,8,9.4,55.3,22.3,56.3,54.1,14.1,28.5,
Santander, Anthony,623993,2021,114,124,18,8,0,3,4,24.2,3.2,.686,.149,12,46,0,0,2,10,,.286,.394,.315,.319,.108,90,11.5,34.4,6,6.5,45.2,25.7,54.7,45.2,16.1,26.0,
Alonso, Pete,624413,2021,150,173,23,7,0,7,19,23.7,11.0,.769,.187,24,65,0,0,2,24,,.261,.519,.370,.351,.258,93.3,17.1,35.1,19,16.7,49.1,25.4,48.1,34.2,35.1,26.7,
Arroyo, Christian,624414,2021,85,92,16,8,0,0,3,25.0,3.3,.703,.094,5,32,0,1,3,9,,.222,.302,.257,.270,.080,84.4,6.2,31.8,2,3,27.3,27.1,57.2,59.1,12.1,27.7,
Biggio, Cavan,624415,2021,127,151,19,3,1,3,20,31.1,13.2,.626,.110,11,40,1,2,1,14,,.194,.299,.275,.306,.106,88.8,15.3,32.9,3,3.7,29.3,29.1,41.5,41.5,25.6,28.3,
Conforto, Michael,624424,2021,113,135,18,6,0,2,18,20.0,13.3,.692,.106,13,38,0,0,4,10,,.275,.471,.378,.394,.196,88.3,12.1,34.9,8,9.3,34.9,22.6,43.4,45.3,30.2,26.9,
Frazier, Adam,624428,2021,221,246,50,19,3,2,20,11.0,8.1,.873,.140,23,105,4,3,4,33,,.291,.386,.330,.358,.095,85.6,16.1,38.4,2,1,26.1,11.9,46.9,36,24.1,27.1,
Trevino, Jose,624431,2021,130,138,27,3,0,2,4,21.7,2.9,.576,.069,11,41,0,0,0,12,,.259,.390,.291,.279,.131,88.3,6.4,35.6,5,4.8,38.5,22.9,46.7,50,22.1,24.5,
Nunez, Dom,624513,2021,111,126,6,5,2,5,15,40.5,11.9,.640,.216,19,42,0,0,0,17,,.168,.337,.263,.273,.169,86.9,15.4,41.3,7,11.1,34.9,38.9,39.6,38.1,30.2,25.3,
Soler, Jorge,624585,2021,175,204,16,11,0,4,18,30.9,8.8,.563,.131,24,54,0,0,3,18,,.223,.435,.322,.307,.212,93,17.4,27.1,15,12.7,52.5,31.6,47.5,40.7,29.7,26.0,
Sosa, Edmundo,624641,2021,77,90,16,3,1,1,5,17.8,5.6,.754,.104,5,29,3,2,8,10,,.225,.346,.310,.340,.121,87.4,-2,23.8,3,4.8,33.3,27.2,54.4,63.5,17.5,29.4,
Heredia, Guillermo,628338,2021,93,104,12,11,0,2,10,29.8,9.6,.798,.183,11,42,0,0,1,15,,.253,.393,.311,.329,.140,87.9,13,39.4,5,7.6,36.4,27.6,50,43.9,19.7,27.3,
Hernandez, Yadiel,628450,2021,66,73,15,1,0,2,5,26.0,6.8,.708,.106,4,25,0,2,1,8,,.249,.441,.326,.312,.192,90.5,4.6,36,4,8,40,33.1,48.5,54,18,25.3,
Cronenworth, Jake,630105,2021,224,254,43,13,1,5,20,13.8,7.9,.749,.134,18,92,1,3,4,37,,.257,.409,.319,.327,.151,87.9,13.2,34.7,12,6.1,30.6,12.1,42.6,42.9,26,28.0,
Frazier, Clint,640449,2021,144,168,17,5,0,5,23,28.0,13.7,.630,.139,11,47,0,2,1,15,,.209,.361,.307,.325,.152,86.3,14.5,28.7,11,10.9,38.6,26.5,37.5,44.6,17.8,27.1,
Meadows, Austin,640457,2021,200,236,19,15,1,13,31,24.6,13.1,.867,.280,41,104,0,3,3,33,,.243,.478,.359,.351,.235,89.9,20.1,41.8,19,12.4,42.5,26.1,45.1,26.8,39.2,27.4,
Pinder, Chad,640461,2021,68,72,6,7,0,3,4,31.9,5.6,.748,.235,6,32,0,0,0,11,,.260,.598,.374,.299,.338,95.2,4.6,37.5,10,20.8,60.4,24,50,52.1,27.1,26.4,
Anderson, Tim,641313,2021,184,195,40,8,0,5,10,25.1,5.1,.741,.125,19,76,4,9,1,33,,.269,.429,.318,.308,.160,89.5,1.1,25.9,9,6.3,41.3,29.8,58.9,62.9,18.9,27.7,
Bauers, Jake,641343,2021,100,113,14,3,0,2,12,23.9,10.6,.554,.090,6,28,1,0,0,7,,.260,.401,.324,.339,.141,89.7,17.7,37,4,5.5,42.5,30.7,46.9,37,20.5,27.1,
Bellinger, Cody,641355,2021,42,50,5,1,1,1,8,34.0,16.0,.653,.143,9,14,0,1,0,9,,.199,.288,.280,.318,.088,89.3,15,41.4,1,3.4,34.5,32.2,50.2,37.9,31,27.3,
Calhoun, Willie,641432,2021,155,169,27,7,1,5,13,11.8,7.7,.732,.155,15,64,2,0,1,17,,.291,.451,.351,.357,.160,91.2,15.9,31.4,5,3.6,44.5,15.2,44.9,37.2,24.1,26.1,
Collins, Zack,641470,2021,78,91,8,5,0,2,12,31.9,13.2,.630,.141,9,26,1,0,0,11,,.203,.367,.302,.310,.163,91.4,21,32,5,10,46,29.6,43.7,40,30,25.0,
Crawford, J.P.,641487,2021,202,222,37,12,0,3,18,17.1,8.1,.681,.104,19,73,2,2,1,24,,.255,.351,.302,.321,.096,85.9,10.4,34.9,6,3.6,32,18.2,45.1,45.6,21.9,27.2,
Davis, Jonathan,641505,2021,62,74,7,1,0,1,9,25.7,12.2,.493,.065,3,13,1,3,3,13,,.212,.328,.307,.340,.116,87.2,10.5,27.9,3,7,32.6,27.4,37.8,41.9,30.2,28.9,
Dozier, Hunter,641531,2021,140,153,7,5,2,6,12,31.4,7.8,.551,.193,17,47,1,1,1,16,,.209,.415,.297,.275,.206,90.2,19.2,29.5,12,12.6,45.3,32,48,35.8,27.4,28.1,
Garver, Mitch,641598,2021,116,135,10,8,0,8,19,33.3,14.1,.833,.276,17,58,0,0,0,17,,.229,.503,.359,.338,.274,90.4,19.5,33.8,11,15.5,45.1,30.5,39.9,35.2,32.4,25.5,
Hampson, Garrett,641658,2021,192,212,26,12,4,5,16,23.1,7.5,.729,.182,16,82,2,11,1,32,,.236,.410,.305,.296,.175,86.8,13.6,41.1,10,6.8,32.2,20.3,44.4,40.4,29.5,29.8,
Heim, Jonah,641680,2021,69,76,6,4,0,2,6,19.7,7.9,.556,.145,5,22,1,1,0,7,,.188,.286,.246,.254,.098,87,11.7,26.3,1,1.8,33.3,18.6,49.5,49.1,21.1,26.1,
Lewis, Kyle,641786,2021,130,147,23,4,0,5,16,25.2,10.9,.726,.146,11,51,0,2,1,15,,.254,.491,.356,.341,.236,89.7,16.8,45.2,13,14,37.6,34.2,47,33.3,34.4,27.7,
Locastro, Tim,641796,2021,99,111,16,2,0,1,6,19.8,5.4,.522,.051,4,24,3,5,6,10,,.223,.293,.276,.306,.071,80.9,13.3,30.8,1,1.3,16.7,22,44.7,43.6,29.5,30.7,
Mancini III, Trey,641820,2021,210,236,35,13,0,11,23,20.8,9.7,.856,.219,44,105,0,0,2,31,,.305,.548,.393,.376,.243,89.9,9.6,37.6,21,12.7,46.7,27.9,47.5,49.7,21.2,26.6,
McKinney, Billy,641856,2021,120,132,12,6,2,5,11,23.5,8.3,.689,.208,11,50,0,1,0,13,,.252,.436,.319,.311,.183,89.1,17.4,38.3,7,7.4,39.4,20.5,43.4,34,30.9,27.7,
McMahon, Ryan,641857,2021,210,229,28,12,0,13,17,23.6,7.4,.801,.243,32,104,1,3,0,36,,.268,.523,.353,.319,.255,92.4,17.6,40,16,10,48.1,30.2,51.1,35,32.5,26.1,
Neuse, Sheldon,641914,2021,58,59,6,1,0,3,1,37.3,1.7,.531,.172,4,20,1,0,0,6,,.196,.407,.260,.209,.211,88.7,13.9,30.6,5,13.9,41.7,37.7,52.1,41.7,36.1,27.0,
O'Neill, Tyler,641933,2021,139,147,18,9,0,12,4,35.4,2.7,.917,.324,27,84,1,5,3,24,,.285,.638,.397,.318,.353,93.2,19.3,43,20,21.5,51.6,37.2,52.9,36.6,32.3,29.8,
Sisco, Chance,642082,2021,65,73,8,2,0,0,6,24.7,8.2,.431,.031,3,12,0,0,2,4,,.168,.238,.232,.259,.070,83.8,11.9,25.5,1,2.1,8.5,33.1,47.8,51.1,25.5,25.0,
Smith, Dominic,642086,2021,166,186,33,7,0,3,14,23.1,7.5,.683,.096,19,59,0,2,4,13,,.267,.449,.346,.343,.182,87.9,13.1,42.9,10,7.9,35.7,31.4,49.4,42.9,23.8,25.7,
Tellez, Rowdy,642133,2021,112,122,17,3,1,3,8,19.7,6.6,.618,.125,5,38,0,0,2,10,,.246,.439,.318,.306,.193,92,11.5,32.2,12,13.3,48.9,23.7,46.2,40,26.7,25.3,
Valaika, Pat,642162,2021,78,85,10,2,0,1,5,28.2,5.9,.443,.064,7,18,0,1,0,4,,.206,.372,.278,.258,.166,88.1,20.9,46.4,4,7.1,30.4,27.2,54.6,26.8,39.3,26.5,
VanMeter, Josh,642165,2021,69,82,7,2,1,1,11,28.0,13.4,.541,.101,7,18,0,0,1,10,,.174,.315,.276,.294,.141,89.1,20.8,27.7,4,8.5,38.3,29.7,38.1,36.2,38.3,25.4,
White, Eli,642201,2021,55,60,6,0,1,0,5,33.3,8.3,.364,.036,4,9,2,2,0,3,,.185,.274,.240,.253,.089,85.7,8.8,40,2,5.7,25.7,39,50.2,45.7,11.4,30.4,
Williams, Justin,642211,2021,119,137,15,0,0,4,17,33.6,12.4,.531,.101,11,31,1,0,1,10,,.242,.406,.316,.341,.164,92.1,3.9,37,8,11,52.1,36.9,44.6,53.4,20.5,27.0,
Mejia, Francisco,642336,2021,96,107,16,6,0,3,5,16.8,4.7,.734,.156,13,40,0,0,4,9,,.225,.345,.285,.294,.120,87,13.6,32.9,5,6.1,35.8,18.8,58.1,48.8,23.2,27.0,
Sierra, Magneuris,642423,2021,80,89,18,2,0,0,9,21.3,10.1,.601,.025,0,22,0,4,0,12,,.224,.256,.240,.300,.032,81.6,7.7,25,0,0,18.8,18.2,48.9,50,17.2,28.7,
Rosario, Amed,642708,2021,167,183,30,5,3,3,15,19.1,8.2,.677,.120,15,61,0,5,1,24,,.265,.372,.311,.328,.107,88.8,7.2,31.1,3,2.2,41.5,25.5,45.9,48.9,19.3,29.4,
Adames, Willy,642715,2021,176,193,21,8,1,8,17,34.2,8.8,.694,.193,26,72,2,1,0,22,,.229,.456,.321,.295,.226,89.1,21.4,35.3,16,13.8,44.8,36.2,49.3,31,37.1,28.1,
Gutierrez, Kelvin,642721,2021,65,66,13,3,1,0,1,19.7,1.5,.611,.077,3,22,0,0,0,7,,.240,.328,.252,.250,.089,91.7,0.3,20,2,3.6,43.6,28.6,49.4,67.3,9.1,27.3,
Benintendi, Andrew,643217,2021,190,209,43,6,1,6,17,18.7,8.1,.781,.137,27,82,5,6,0,27,,.268,.450,.336,.329,.182,89.2,13.6,36.1,12,7.6,43.7,21.3,51.7,43,29.7,27.7,
Cooper, Garrett,643265,2021,158,175,27,7,1,5,14,28.6,8.0,.731,.152,21,64,1,0,3,17,,.251,.402,.321,.327,.151,90.5,9.1,32.4,8,7.2,50.5,27.8,48.7,53.2,21.6,26.2,
Craig, Will,643269,2021,60,65,10,2,0,1,5,33.8,7.7,.577,.083,3,18,0,0,0,5,,.182,.279,.229,.245,.097,79.9,2.8,28.9,2,5.3,15.8,28.6,51,52.6,15.8,26.0,
Dubon, Mauricio,643289,2021,124,133,20,5,0,4,6,21.8,4.5,.642,.137,17,46,1,3,1,12,,.237,.398,.286,.277,.161,87.8,16,34,5,5,34,23.3,52.1,40,28,27.7,
Jansen, Danny,643376,2021,107,121,10,3,0,3,12,25.6,9.9,.501,.112,8,28,0,0,1,13,,.201,.331,.275,.287,.130,88.2,19.3,29.5,3,3.8,37.2,25.5,46.6,34.6,25.6,27.7,
Kemp, Tony,643393,2021,91,114,17,5,2,2,16,15.8,14.0,.828,.165,11,41,1,3,1,13,,.243,.338,.317,.358,.095,86,19.5,41.3,0,0,22.5,17.9,42.3,33.8,25,26.7,
Kiner-Falefa, Isiah,643396,2021,238,253,50,11,2,5,8,16.2,3.2,.732,.126,23,98,1,10,5,32,,.277,.380,.304,.313,.104,86.4,2.9,30,6,3,32.5,18.3,48.6,59.1,11.8,27.7,
McNeil, Jeff,643446,2021,99,113,17,4,0,3,12,8.0,10.6,.710,.131,8,37,0,1,2,13,,.248,.428,.337,.341,.180,88.4,12.2,28.9,5,5.6,36.7,17.6,55.4,45.6,25.6,27.1,
Tauchman, Mike,643565,2021,113,135,16,4,0,2,20,28.9,14.8,.602,.088,8,32,3,3,1,17,,.179,.275,.270,.304,.096,86.2,9.8,37.2,2,2.6,33.3,32.6,43.8,46.2,23.1,27.5,
Chang, Yu,644374,2021,79,84,8,5,0,1,4,28.6,4.8,.493,.101,10,22,0,1,0,9,,.200,.331,.244,.234,.131,87.1,26.8,28.8,5,8.5,37.3,23.8,47,28.8,25.4,28.1,
Albies, Ozzie,645277,2021,203,228,21,17,3,9,20,16.2,8.8,.813,.246,34,100,1,4,3,34,,.275,.513,.365,.344,.237,89.4,21.8,38.7,19,11,38.2,27.3,55.4,29.5,40.5,28.2,
Robles, Victor,645302,2021,128,150,20,7,1,0,15,23.3,10.0,.616,.070,5,37,3,5,6,12,,.223,.331,.300,.336,.108,86.6,20.9,29.6,3,3.1,33.7,23.4,44.1,37.8,24.5,28.1,
Ford, Mike,645801,2021,60,72,5,0,0,3,11,31.9,15.3,.561,.150,5,17,0,0,1,6,,.184,.421,.319,.320,.237,90.9,15.6,35.1,7,18.9,48.6,29.7,34.6,37.8,40.5,23.1,
Devers, Rafael,646240,2021,203,226,25,17,0,15,19,27.4,8.4,.931,.305,48,119,3,3,2,37,,.286,.596,.396,.356,.310,92.6,9.3,36.5,28,18.9,54.7,29.9,57.6,45.9,25,27.6,
Naylor, Josh,647304,2021,176,189,30,9,0,5,10,20.1,5.3,.683,.136,15,68,0,1,2,20,,.249,.410,.307,.299,.161,88.2,8.4,30.5,11,7.8,39,21.5,53.2,51.8,16.3,26.3,
Diaz, Aledmys,649557,2021,112,122,19,8,0,3,4,15.6,3.3,.748,.152,18,47,0,0,6,14,,.302,.506,.369,.363,.205,89.2,13.4,38.5,10,10.4,47.9,21.3,54.7,41.7,22.9,26.6,
Urias, Luis,649966,2021,155,182,19,8,0,6,23,24.7,12.6,.694,.168,24,59,0,2,1,16,,.232,.457,.334,.328,.225,88.4,13.5,33.3,13,11.1,42.7,24,46.1,41,31.6,26.7,
Arraez, Luis,650333,2021,141,162,34,3,1,1,17,11.1,10.5,.691,.057,14,47,1,0,2,20,,.308,.453,.364,.387,.145,90.3,8.8,40.8,4,3.2,38.4,12,42.6,47.2,20,26.2,
Torres, Gleyber,650402,2021,176,200,38,7,0,3,23,19.0,11.5,.719,.091,22,64,2,3,0,18,,.263,.411,.332,.343,.148,85.4,15,35.1,8,5.4,33.1,25.4,46.1,41.2,29.1,26.9,
Castro, Willi,650489,2021,161,177,25,7,2,3,9,27.7,5.1,.642,.124,18,57,0,2,5,20,,.223,.330,.275,.286,.107,84.9,15.3,34.7,4,3.4,28.8,32.5,54.6,44.1,24.6,28.3,
Diaz, Yandy,650490,2021,179,219,38,7,0,0,37,13.2,16.9,.674,.039,16,52,0,0,2,20,,.247,.354,.335,.382,.106,90,2.8,26.3,6,3.8,37.2,17.2,39,57.7,17.3,26.0,
Chapman, Matt,656305,2021,196,237,27,6,2,5,33,31.6,13.9,.644,.128,23,65,0,1,1,22,,.190,.326,.283,.301,.136,87.7,14.9,30.8,11,8.5,36.2,34.2,42.6,37.7,33.8,28.1,
Diaz, Isan,656371,2021,70,87,6,1,0,2,13,26.4,14.9,.493,.100,9,16,0,0,1,4,,.227,.361,.307,.350,.134,88.4,12.3,33.3,3,5.3,31.6,32.2,41.9,42.1,31.6,25.5,
Hoskins, Rhys,656555,2021,212,236,31,14,0,12,20,26.7,8.5,.844,.236,35,107,0,2,3,32,,.245,.488,.342,.316,.243,91.4,18.9,36.6,20,13.1,47.7,28.5,45.2,35.3,31.4,26.4,
Joe, Connor,656582,2021,43,52,8,2,0,0,9,23.1,17.3,.644,.047,4,12,0,0,0,2,,.274,.391,.357,.400,.117,85.7,12.3,38.7,2,6.5,32.3,22.5,36,35.5,16.1,26.9,
Luplow, Jordan,656669,2021,98,121,5,5,0,7,21,25.6,17.4,.769,.265,20,43,2,0,2,12,,.187,.447,.345,.341,.260,88.1,22.4,28.4,9,13.4,34.3,29.6,41.3,32.8,44.8,27.5,
McKinstry, Zach,656716,2021,70,76,9,5,0,3,4,23.7,5.3,.732,.200,16,31,0,1,1,10,,.234,.396,.287,.281,.162,89.3,12.7,32.1,4,7.5,35.8,22.2,46.2,47.2,30.2,27.7,
Mullins II, Cedric,656775,2021,223,249,45,14,3,8,23,18.1,9.2,.889,.197,16,114,4,9,1,30,,.274,.436,.342,.347,.162,89.4,14.7,36.1,10,5.5,39.9,18.6,46.4,42.1,28.4,28.5,
O'Hearn, Ryan,656811,2021,53,57,6,1,0,3,4,35.1,7.0,.623,.189,6,20,1,0,0,6,,.218,.455,.310,.273,.236,90.7,19.6,36.4,4,12.1,48.5,29.6,48,36.4,42.4,27.9,
Schwarber, Kyle,656941,2021,175,198,23,8,0,9,19,28.8,9.6,.747,.200,25,75,1,1,4,20,,.240,.453,.336,.326,.213,91.1,12.6,31.4,14,11.6,51.2,29.8,42.2,46.3,28.9,26.8,
Smith, Pavin,656976,2021,206,225,39,13,3,5,16,15.6,7.1,.803,.165,21,94,0,1,2,34,,.303,.498,.370,.358,.195,87.9,6.8,37.3,13,7.3,48,16.2,43.5,49.2,19.2,26.6,
Verdugo, Alex,657077,2021,197,217,39,10,1,7,16,12.9,7.4,.802,.168,24,90,0,4,2,34,,.303,.491,.365,.362,.188,89.9,7.2,37.4,11,6.1,40.2,15.4,45.6,51.4,20.7,26.5,
White, Evan,657108,2021,97,104,9,3,0,2,6,29.8,5.8,.439,.093,9,23,0,0,1,8,,.191,.297,.241,.246,.105,85.2,19.6,30.3,3,4.5,28.8,29.9,48.2,43.9,24.2,28.0,
DeJong, Paul,657557,2021,124,141,12,3,0,7,15,22.7,10.6,.648,.194,17,46,0,2,2,18,,.239,.496,.354,.330,.258,86,16.1,35.9,12,13,38,25,49.3,35.9,29.3,27.5,
Laureano, Ramon,657656,2021,183,205,26,8,2,11,17,26.8,8.3,.834,.246,22,92,3,8,4,30,,.259,.535,.368,.334,.276,89.4,10.7,35.7,19,14.7,45.7,26.7,46.8,42.6,32.6,28.1,
Fuentes, Joshua,658069,2021,171,181,26,11,1,5,9,22.7,5.0,.702,.164,27,71,0,0,0,22,,.220,.308,.252,.263,.088,85.5,16.7,32.1,3,2.2,30.6,27.2,58.8,40.3,31.3,27.5,
Moncada, Yoan,660162,2021,190,235,41,12,0,4,39,26.8,16.6,.856,.126,29,81,1,0,5,29,,.286,.481,.392,.417,.195,91.2,10.7,47,14,10.6,46.2,29.6,40.2,39.4,19.7,27.8,
Ohtani, Shohei,660271,2021,197,218,20,12,3,16,17,29.8,7.8,.920,.335,42,117,3,7,3,36,,.262,.603,.395,.340,.341,92.7,17.2,33.1,30,22.6,53.4,34.9,50,37.6,32.3,29.0,
Tsutsugo, Yoshi,660294,2021,103,118,12,4,0,0,14,33.1,11.9,.448,.039,7,20,0,0,0,7,,.165,.241,.236,.265,.076,89.9,14,20,1,1.5,40,28.6,45,47.7,30.8,26.2,
Acuna Jr., Ronald,660670,2021,188,224,26,9,1,17,29,20.5,12.9,.996,.330,35,115,3,10,4,44,,.295,.627,.436,.406,.331,94.3,19.2,35.8,28,18.9,58.1,24.5,41.5,33.8,31.1,29.2,
Contreras, William,661388,2021,76,87,10,1,1,5,8,32.2,9.2,.771,.237,17,35,0,0,2,12,,.251,.494,.353,.335,.243,93.5,7,30.8,9,17.3,53.8,34.4,50.8,44.2,28.8,26.9,
Hoerner, Nico,663538,2021,74,84,18,7,0,0,9,14.3,10.7,.837,.095,9,32,1,3,0,9,,.309,.420,.344,.380,.111,89.9,4.5,36.5,2,3.2,42.9,19.6,48.5,54,12.7,28.9,
Riley, Austin,663586,2021,183,214,38,8,0,10,22,28.5,10.3,.906,.208,24,94,0,0,6,30,,.258,.480,.354,.350,.222,89.2,11.4,29.7,16,12.5,43,29.4,48.2,46.1,22.7,27.4,
Madrigal, Nick,663611,2021,190,204,43,8,4,2,10,7.8,4.9,.759,.116,20,79,2,1,3,29,,.262,.327,.287,.310,.065,85.2,2.1,27.5,2,1.1,21.9,8.2,45.7,59.6,15.2,28.1,
Larnach, Trevor,663616,2021,66,82,9,5,0,3,13,26.8,15.9,.872,.212,7,31,0,0,3,9,,.253,.494,.386,.394,.241,90.9,15.5,44.7,8,17,46.8,38.3,44,40.4,21.3,25.4,
Mountcastle, Ryan,663624,2021,192,204,27,11,1,8,7,31.4,3.4,.712,.193,28,84,1,3,2,21,,.228,.425,.298,.264,.197,89,13.5,37.8,14,10.4,40.7,35,56.8,37.8,32.6,28.1,
Tucker, Kyle,663656,2021,208,233,30,11,1,11,20,16.3,8.6,.794,.221,35,99,0,5,1,37,,.316,.568,.395,.375,.251,91,17.6,39.3,17,9.6,46.6,20.5,52.5,35.4,32.6,27.6,
India, Jonathan,663697,2021,138,166,25,4,2,5,18,19.9,10.8,.795,.167,24,59,1,3,7,17,,.237,.417,.337,.350,.180,87,10.5,25.2,11,9.9,36,26.6,41.8,50.5,25.2,28.7,
Grisham, Trent,663757,2021,136,154,26,7,2,6,18,26.0,11.7,.898,.213,14,70,1,7,0,23,,.250,.416,.330,.338,.166,90.8,15.7,29.2,6,6.3,43.8,27.8,36.3,40.6,22.9,28.5,
Stephenson, Tyler,663886,2021,119,135,22,6,0,3,13,19.3,9.6,.735,.126,13,46,0,0,3,18,,.266,.415,.340,.360,.149,88.5,7.9,32.3,7,7.3,34.4,19.3,39.3,55.2,14.6,26.7,
Lowe, Nate,663993,2021,216,252,37,7,0,8,34,28.6,13.5,.729,.144,31,83,0,4,1,27,,.241,.444,.343,.346,.203,90.9,6.3,36.1,18,12.2,44.2,30.1,41.6,50.3,23.1,27.3,
Happ, Ian,664023,2021,156,184,19,4,0,6,24,29.3,13.0,.631,.141,15,51,1,1,3,18,,.224,.376,.324,.344,.153,89.9,6.8,28.6,10,9.5,50.5,33,41.4,51.4,27.6,26.9,
France, Ty,664034,2021,180,205,28,14,0,3,18,19.5,8.8,.714,.128,21,68,0,0,6,24,,.241,.390,.322,.330,.149,87.6,12.5,36.3,13,8.9,36.3,21.1,49.2,42.5,22.6,25.1,
Lowe, Brandon,664040,2021,195,227,21,6,0,10,26,31.3,11.5,.674,.185,24,73,1,3,5,27,,.225,.446,.333,.332,.221,89,13.4,35.1,16,12.2,37.4,35.5,51.5,40.5,29,27.8,
Bader, Harrison,664056,2021,73,83,10,2,0,4,9,15.7,10.8,.712,.192,9,30,1,3,0,8,,.238,.427,.302,.320,.189,85.6,17.1,24.6,4,6.6,29.5,21.3,44.2,41,31.1,29.4,
Stevenson, Andrew,664057,2021,89,100,17,2,0,2,6,31.0,6.0,.616,.090,9,29,1,0,2,14,,.250,.375,.305,.311,.125,88.7,5.4,25.8,3,4.8,41.9,28.7,46.6,58.1,19.4,29.3,
Fletcher, David,664058,2021,213,227,48,6,1,0,10,11.5,4.4,.582,.038,16,63,1,3,0,32,,.271,.313,.274,.302,.042,81.7,8.3,31.8,0,0,15.4,9,40,47.7,16.9,27.6,
Haggerty, Sam,664059,2021,86,94,11,3,0,2,6,29.8,6.4,.535,.105,5,25,1,5,1,15,,.219,.375,.287,.278,.156,87.5,7.6,35.6,3,5.1,39,31.1,48.5,52.5,20.3,29.5,
Moore, Dylan,664238,2021,119,137,8,7,0,5,16,31.4,11.7,.623,.185,19,42,1,8,1,14,,.205,.356,.294,.303,.152,86.7,16.7,32.5,9,11.7,32.5,28,39.6,36.4,26,28.1,
Garlick, Kyle,664247,2021,88,93,9,8,0,5,3,30.1,3.2,.791,.261,10,45,0,1,1,16,,.265,.555,.367,.315,.291,89.1,21,37.9,9,13.6,42.4,29.3,46.6,36.4,33.3,26.9,
Straw, Myles,664702,2021,187,211,38,7,1,0,19,19.0,9.0,.612,.048,19,55,4,7,2,20,,.249,.313,.287,.323,.064,86,8.4,43.4,1,0.7,21.7,12.9,42,46.7,19.1,28.9,
Bohm, Alec,664761,2021,203,220,32,7,0,4,13,28.2,5.9,.560,.094,25,62,0,3,0,20,,.257,.415,.311,.302,.158,92.1,4.7,36.1,12,8.2,47.6,26.3,49.1,52.4,17.7,27.8,
Tom, Ka'ai,664789,2021,72,92,9,1,0,2,12,25.0,13.0,.579,.097,11,19,0,1,5,8,,.201,.313,.315,.350,.111,84.2,9.1,29.6,3,5.6,27.8,31.3,45,46.3,22.2,28.1,
Mendick, Danny,664901,2021,55,64,9,0,0,2,8,26.6,12.5,.606,.109,10,17,0,0,0,4,,.221,.321,.288,.320,.100,82.9,18.1,35.9,1,2.6,30.8,23.7,40.7,30.8,23.1,26.4,
Brown, Seth,664913,2021,119,131,10,5,0,8,12,26.7,9.2,.704,.244,21,52,0,0,0,17,,.232,.469,.327,.300,.237,88,16.1,35.2,11,12.5,36.4,30.9,41.8,39.8,29.5,28.0,
Walsh, Jared,665120,2021,202,222,35,12,1,13,16,24.8,7.2,.925,.262,39,114,0,2,3,28,,.265,.451,.335,.330,.185,89.4,6.9,36.9,18,12.1,40.9,27.3,48.6,51,15.4,27.3,
Maton, Nick,665155,2021,102,108,18,6,0,2,5,32.4,4.6,.669,.118,8,38,0,2,1,9,,.227,.355,.277,.276,.128,88.2,16.4,35.8,5,7.5,35.8,31.9,51.7,32.8,31.3,27.1,
Tatis Jr., Fernando,665487,2021,151,177,19,9,0,17,22,24.9,12.4,1.074,.397,39,105,2,13,0,40,,.294,.651,.423,.380,.358,92.4,10.2,31.9,21,18.6,51.3,32.8,50.6,49.6,29.2,29.0,
Guerrero Jr., Vladimir,665489,2021,201,239,38,11,1,18,33,14.2,13.8,1.111,.333,47,135,0,1,4,44,,.310,.599,.426,.418,.289,94.5,8,32.5,25,14.8,52.7,27.9,45.1,48.5,21.3,27.0,
Pache, Cristian,665506,2021,63,68,3,3,0,1,2,36.8,2.9,.353,.095,4,13,0,0,1,6,,.151,.246,.196,.190,.095,81.7,8,20,2,5,27.5,37,56.8,55,17.5,28.9,
Soto, Juan,665742,2021,152,185,31,4,0,7,32,14.1,17.3,.841,.164,23,67,4,1,0,29,,.317,.582,.434,.442,.265,92.4,4.8,30.8,16,12.3,53.8,21.2,35.3,53.8,20,27.1,
Taveras, Leody,665750,2021,46,50,4,0,0,0,3,46.0,6.0,.247,.000,1,4,0,2,1,2,,.157,.228,.208,.224,.071,88.9,-0.5,13,1,4.3,34.8,30.1,45.6,65.2,17.4,29.7,
Chisholm Jr. Jr., Jazz,665862,2021,122,135,20,5,1,7,11,33.3,8.1,.833,.230,15,61,2,9,1,17,,.220,.409,.306,.293,.189,88.3,10.9,30.1,10,12,37.3,33,46.8,45.8,27.7,29.1,
Gimenez, Andres,665926,2021,78,85,8,4,0,2,3,29.4,3.5,.531,.128,5,24,0,4,2,10,,.183,.283,.230,.230,.100,86.2,11.6,18.2,3,5.5,32.7,36.1,55.6,49.1,30.9,28.3,
Kirilloff, Alex,666135,2021,100,106,14,6,0,4,5,26.4,4.7,.694,.180,18,42,1,0,0,13,,.295,.580,.380,.330,.285,92.6,8,42.1,11,14.5,47.4,30.3,54.2,46.1,22.4,27.6,
Lux, Gavin,666158,2021,169,185,28,6,2,5,13,22.7,7.0,.688,.148,25,66,1,1,1,23,,.261,.425,.319,.314,.164,88.9,12.2,36.9,8,6.2,36.9,25.5,48.4,43.8,25.4,29.0,
Bichette, Bo,666182,2021,229,247,36,12,1,11,15,25.9,6.1,.779,.205,34,107,0,7,2,45,,.261,.478,.338,.310,.216,90.9,4.1,31.8,22,12.9,51.2,26,55,53.5,21.2,28.2,
Carlson, Dylan,666185,2021,202,234,39,9,2,6,24,23.5,10.3,.790,.153,26,87,0,0,4,31,,.247,.397,.322,.336,.150,89.5,14.9,41.2,9,5.9,34.6,28.3,42.8,39.9,34.6,27.7,
Trammell, Taylor,666211,2021,100,113,8,5,0,5,11,39.8,9.7,.645,.200,13,38,2,2,1,16,,.160,.300,.250,.254,.140,84.6,11.5,29.3,5,8.6,32.8,42.6,46.7,46.6,15.5,28.1,
Dalbec, Bobby,666915,2021,147,157,15,8,1,6,9,35.7,5.7,.649,.190,24,58,0,1,1,12,,.224,.471,.316,.275,.247,90.6,16.7,38.3,16,17,41.5,40,47.2,38.3,31.9,28.2,
Garcia, Adolis,666969,2021,194,206,34,3,1,16,10,28.2,4.9,.867,.273,42,107,3,7,1,28,,.272,.553,.370,.313,.281,92.1,12.3,34.1,24,17.4,50,33,55.4,42,32.6,28.2,
Gurriel Jr., Lourdes,666971,2021,191,201,36,9,0,5,5,20.4,2.5,.666,.126,19,74,1,1,1,19,,.245,.378,.284,.272,.133,88.1,11.4,29.3,10,6.4,36.3,24.7,55.1,45.2,24.2,26.3,
Arozarena, Randy,668227,2021,213,243,37,10,0,7,24,28.0,9.9,.741,.146,27,85,2,8,5,36,,.204,.325,.278,.295,.121,91.2,6.6,23.2,9,6,41.7,35.5,44.7,53,21.2,28.4,
Baddoo, Akil,668731,2021,106,125,10,6,4,5,17,36.8,13.6,.845,.274,20,54,0,5,0,14,,.197,.397,.312,.310,.200,84.5,13.1,41.8,8,11.9,35.8,38.6,44.2,38.8,35.8,29.0,
Knizner, Andrew,668800,2021,72,81,11,4,0,0,7,21.0,8.6,.560,.056,2,19,0,0,2,10,,.217,.300,.268,.300,.083,85.9,11.3,32.8,1,1.7,32.8,20.1,46.6,48.3,13.8,25.8,
Reynolds, Bryan,668804,2021,196,228,32,17,0,7,29,22.4,12.7,.866,.194,25,94,1,0,3,32,,.276,.501,.378,.381,.225,88.3,10.9,33.1,16,10.6,38.4,27.2,46.1,45,27.8,28.4,
Rojas, Josh,668942,2021,177,202,28,12,1,7,22,24.3,10.9,.815,.198,17,83,0,2,0,29,,.241,.409,.320,.321,.169,89.8,9.1,40.9,10,7.6,40.9,26.8,40.8,50.8,21.2,27.5,
Murphy, Sean,669221,2021,158,180,17,12,0,6,14,26.7,7.8,.723,.190,30,65,0,0,7,15,,.233,.466,.339,.321,.233,90.8,12.7,33.3,15,13.2,45.6,30.4,47.5,42.1,26.3,26.0,
Senzel, Nick,669222,2021,111,124,23,4,0,1,12,12.9,9.7,.638,.063,8,35,5,2,0,18,,.307,.440,.354,.372,.133,88.9,10.5,33.3,4,4.2,39.6,17.8,52.5,45.8,25,29.1,
Edman, Tommy,669242,2021,245,265,47,14,2,4,16,10.9,6.0,.720,.122,17,97,2,11,3,32,,.267,.400,.317,.319,.133,86.6,8.4,27.7,9,4.1,36.4,13.8,50,50.5,20.5,28.6,
Solak, Nick,669256,2021,224,251,35,9,2,8,16,26.3,6.4,.721,.165,24,91,2,2,9,36,,.242,.419,.320,.315,.176,90.1,10.9,33.7,15,9.2,38.7,30.1,47.2,46.6,27,28.9,
Smith, Will,669257,2021,149,177,25,10,1,5,21,18.1,11.9,.829,.181,19,68,0,1,4,28,,.261,.447,.361,.368,.186,89.4,18,33.9,11,8.9,43.5,16.9,42.3,32.3,35.5,27.6,
Espinal, Santiago,669289,2021,67,70,10,4,1,0,3,18.6,4.3,.571,.090,6,21,0,1,0,7,,.224,.306,.250,.258,.082,82.3,7.8,37,1,1.9,13,20,50.9,44.4,20.4,27.4,
Hiura, Keston,669374,2021,103,117,7,4,1,1,8,38.5,6.8,.427,.087,5,22,0,1,4,9,,.162,.310,.248,.246,.147,91,19.4,33.9,7,11.3,38.7,47.2,52.9,35.5,29,27.2,
Hays, Austin,669720,2021,123,137,18,6,2,5,10,19.7,7.3,.769,.203,15,56,0,0,2,24,,.235,.500,.341,.303,.265,90.2,14.1,27.6,13,13.3,37.8,24.9,43,42.9,30.6,27.4,
Lopez, Nicky,670032,2021,140,169,23,6,3,0,21,13.0,12.4,.634,.086,10,44,0,5,1,25,,.208,.268,.273,.314,.059,87.2,3.9,24.4,0,0,23.6,12.5,41.8,59.1,18.1,28.2,
Raley, Luke,670042,2021,44,50,6,1,0,1,2,32.0,4.0,.553,.091,2,12,0,0,4,3,,.226,.475,.337,.319,.249,91.5,6.3,39.3,4,14.3,39.3,38.5,53.6,53.6,25,28.5,
Rojas, Jose,670351,2021,121,130,8,12,0,3,8,26.9,6.2,.610,.174,8,44,0,2,1,18,,.202,.364,.270,.257,.162,89.8,18.7,32.6,6,7,41.9,26.7,48,38.4,26.7,27.1,
Alvarez, Yordan,670541,2021,172,185,31,13,1,7,6,27.0,3.2,.852,.209,28,88,0,0,5,30,,.271,.501,.352,.319,.230,90.2,11.8,38.5,16,12.3,44.6,21.6,45.9,41.5,23.1,26.5,
Brosseau, Mike,670712,2021,110,122,9,6,0,4,10,37.7,8.2,.590,.164,14,37,0,0,2,15,,.182,.318,.262,.267,.136,90,20.4,33.3,6,9.1,38.5,31.5,47.5,34.8,30.3,27.9,
Kelenic, Jarred,672284,2021,83,92,4,2,0,2,8,28.3,8.7,.378,.096,6,16,0,3,1,7,,.184,.327,.263,.263,.143,87.6,16.8,22.8,4,7,36.8,22,46.5,42.1,35.1,26.1,
Robert, Luis,673357,2021,95,103,19,9,1,1,7,27.2,6.8,.822,.147,8,44,1,4,0,11,,.259,.433,.324,.312,.174,89.1,12.5,42.6,7,10.3,39.7,32.6,61.8,35.3,20.6,28.8,
Kim, Ha-Seong,673490,2021,140,153,18,5,2,3,8,23.5,5.2,.583,.129,17,46,1,5,3,14,,.205,.301,.253,.261,.096,87.4,13.6,29.6,4,3.7,33.3,22.6,42.8,40.7,21.3,28.4,
McCormick, Chas,676801,2021,67,81,6,3,0,4,8,28.4,9.9,.702,.224,18,28,0,2,2,16,,.200,.419,.310,.298,.219,90,20.4,37.7,6,11.3,45.3,36.3,44.8,28.3,43.4,28.9,
Vaughn, Andrew,683734,2021,141,162,16,12,0,4,15,27.8,9.3,.712,.170,12,56,0,0,4,20,,.234,.437,.330,.321,.203,91.8,8.7,34.3,12,11.8,50.5,31.1,45.3,43.1,29.4,26.3,